0 verbose cli /data/data/com.termux/files/usr/bin/node /data/data/com.termux/files/usr/bin/npm
1 info using npm@11.14.1
2 info using node@v24.14.1
3 silly config load:file:/data/data/com.termux/files/usr/lib/node_modules/npm/npmrc
4 silly config load:file:/data/data/com.termux/files/home/.npmrc
5 silly config load:file:/data/data/com.termux/files/usr/etc/npmrc
6 verbose title npm install express cors firebase
7 verbose argv "install" "express" "cors" "firebase"
8 verbose logfile logs-max:10 dir:/data/data/com.termux/files/home/.npm/_logs/2026-05-19T15_57_19_896Z-
9 verbose logfile /data/data/com.termux/files/home/.npm/_logs/2026-05-19T15_57_19_896Z-debug-0.log
10 silly logfile done cleaning log files
11 silly packumentCache heap:1079246848 maxSize:269811712 maxEntrySize:134905856
12 verbose shrinkwrap failed to load node_modules/.package-lock.json out of date, updated: node_modules
13 silly idealTree buildDeps
14 silly fetch manifest express@^5.2.1
15 silly packumentCache full:https://registry.npmjs.org/express cache-miss
16 http fetch GET https://registry.npmjs.org/express attempt 1 failed with ENOTFOUND
17 http fetch GET 200 https://registry.npmjs.org/express 27925ms (cache revalidated)
18 silly packumentCache full:https://registry.npmjs.org/express set size:804947 disposed:false
19 silly fetch manifest cors@*
20 silly packumentCache full:https://registry.npmjs.org/cors cache-miss
21 http fetch GET 200 https://registry.npmjs.org/cors 396ms (cache revalidated)
22 silly packumentCache full:https://registry.npmjs.org/cors set size:77956 disposed:false
23 silly fetch manifest firebase@*
24 silly packumentCache full:https://registry.npmjs.org/firebase cache-miss
25 http fetch GET 200 https://registry.npmjs.org/firebase 800ms (cache revalidated)
26 silly packumentCache full:https://registry.npmjs.org/firebase set size:29972457 disposed:false
27 silly placeDep ROOT cors@2.8.6 OK for:  want: *
28 silly placeDep ROOT express@5.2.1 REPLACE for:  want: ^5.2.1
29 silly placeDep ROOT firebase@12.13.0 OK for:  want: *
30 silly fetch manifest object-assign@^4
31 silly packumentCache full:https://registry.npmjs.org/object-assign cache-miss
32 silly fetch manifest @firebase/ai@2.12.0
33 silly packumentCache full:https://registry.npmjs.org/@firebase%2fai cache-miss
34 silly fetch manifest @firebase/app@0.14.12
35 silly packumentCache full:https://registry.npmjs.org/@firebase%2fapp cache-miss
36 silly fetch manifest @firebase/app-compat@0.5.12
37 silly packumentCache full:https://registry.npmjs.org/@firebase%2fapp-compat cache-miss
38 silly fetch manifest @firebase/app-types@0.9.5
39 silly packumentCache full:https://registry.npmjs.org/@firebase%2fapp-types cache-miss
40 silly fetch manifest @firebase/auth@1.13.1
41 silly packumentCache full:https://registry.npmjs.org/@firebase%2fauth cache-miss
42 silly fetch manifest @firebase/auth-compat@0.6.6
43 silly packumentCache full:https://registry.npmjs.org/@firebase%2fauth-compat cache-miss
44 http cache https://registry.npmjs.org/@firebase%2fapp-types 411ms (cache hit)
45 silly packumentCache full:https://registry.npmjs.org/@firebase%2fapp-types set size:8583221 disposed:false
46 silly fetch manifest @firebase/data-connect@0.7.0
47 silly packumentCache full:https://registry.npmjs.org/@firebase%2fdata-connect cache-miss
48 http fetch GET 200 https://registry.npmjs.org/@firebase%2fapp-compat 729ms (cache revalidated)
49 silly packumentCache full:https://registry.npmjs.org/@firebase%2fapp-compat set size:6244325 disposed:false
50 silly fetch manifest @firebase/database@1.1.3
51 silly packumentCache full:https://registry.npmjs.org/@firebase%2fdatabase cache-miss
52 http fetch GET 200 https://registry.npmjs.org/@firebase%2fdatabase 596ms (cache revalidated)
53 silly packumentCache full:https://registry.npmjs.org/@firebase%2fdatabase set size:16604091 disposed:false
54 silly fetch manifest @firebase/database-compat@2.1.4
55 silly packumentCache full:https://registry.npmjs.org/@firebase%2fdatabase-compat cache-miss
56 http fetch GET 200 https://registry.npmjs.org/@firebase%2fdatabase-compat 847ms (cache revalidated)
57 silly packumentCache full:https://registry.npmjs.org/@firebase%2fdatabase-compat set size:6281272 disposed:false
58 silly fetch manifest @firebase/firestore@4.14.1
59 silly packumentCache full:https://registry.npmjs.org/@firebase%2ffirestore cache-miss
60 http fetch GET 200 https://registry.npmjs.org/@firebase%2ffirestore 1009ms (cache revalidated)
61 silly packumentCache full:https://registry.npmjs.org/@firebase%2ffirestore set size:27836286 disposed:false
62 silly fetch manifest @firebase/firestore-compat@0.4.9
63 silly packumentCache full:https://registry.npmjs.org/@firebase%2ffirestore-compat cache-miss
64 http fetch GET 200 https://registry.npmjs.org/object-assign 5606ms (cache revalidated)
65 silly packumentCache full:https://registry.npmjs.org/object-assign set size:28988 disposed:false
66 silly fetch manifest @firebase/functions@0.13.4
67 silly packumentCache full:https://registry.npmjs.org/@firebase%2ffunctions cache-miss
68 http fetch GET 200 https://registry.npmjs.org/@firebase%2fdata-connect 5022ms (cache revalidated)
69 silly packumentCache full:https://registry.npmjs.org/@firebase%2fdata-connect set size:1893269 disposed:false
70 silly fetch manifest @firebase/functions-compat@0.4.4
71 silly packumentCache full:https://registry.npmjs.org/@firebase%2ffunctions-compat cache-miss
72 http fetch GET 200 https://registry.npmjs.org/@firebase%2fai 5748ms (cache revalidated)
73 silly packumentCache full:https://registry.npmjs.org/@firebase%2fai set size:865582 disposed:false
74 silly fetch manifest @firebase/installations@0.6.22
75 silly packumentCache full:https://registry.npmjs.org/@firebase%2finstallations cache-miss
76 http fetch GET 200 https://registry.npmjs.org/@firebase%2fauth-compat 5796ms (cache revalidated)
77 silly packumentCache full:https://registry.npmjs.org/@firebase%2fauth-compat set size:7554380 disposed:false
78 silly fetch manifest @firebase/installations-compat@0.2.22
79 silly packumentCache full:https://registry.npmjs.org/@firebase%2finstallations-compat cache-miss
80 http fetch GET 200 https://registry.npmjs.org/@firebase%2fapp 6050ms (cache revalidated)
81 silly packumentCache full:https://registry.npmjs.org/@firebase%2fapp set size:15019214 disposed:false
82 silly fetch manifest @firebase/messaging@0.12.26
83 silly packumentCache full:https://registry.npmjs.org/@firebase%2fmessaging cache-miss
84 http fetch GET 200 https://registry.npmjs.org/@firebase%2fauth 6455ms (cache revalidated)
85 silly packumentCache full:https://registry.npmjs.org/@firebase%2fauth set size:17970609 disposed:false
86 silly fetch manifest @firebase/messaging-compat@0.2.26
87 silly packumentCache full:https://registry.npmjs.org/@firebase%2fmessaging-compat cache-miss
88 http fetch GET 200 https://registry.npmjs.org/@firebase%2finstallations 2157ms (cache revalidated)
89 silly packumentCache full:https://registry.npmjs.org/@firebase%2finstallations set size:12130837 disposed:false
90 silly fetch manifest @firebase/storage@0.14.3
91 silly packumentCache full:https://registry.npmjs.org/@firebase%2fstorage cache-miss
92 http fetch GET 200 https://registry.npmjs.org/@firebase%2ffirestore-compat 2820ms (cache revalidated)
93 silly packumentCache full:https://registry.npmjs.org/@firebase%2ffirestore-compat set size:6874427 disposed:false
94 silly fetch manifest @firebase/storage-compat@0.4.3
95 silly packumentCache full:https://registry.npmjs.org/@firebase%2fstorage-compat cache-miss
96 http fetch GET 200 https://registry.npmjs.org/@firebase%2fmessaging 2269ms (cache revalidated)
97 silly packumentCache full:https://registry.npmjs.org/@firebase%2fmessaging set size:15407693 disposed:false
98 silly fetch manifest @firebase/performance@0.7.12
99 silly packumentCache full:https://registry.npmjs.org/@firebase%2fperformance cache-miss
100 http fetch GET 200 https://registry.npmjs.org/@firebase%2ffunctions 3562ms (cache revalidated)
101 silly packumentCache full:https://registry.npmjs.org/@firebase%2ffunctions set size:15641638 disposed:false
102 silly fetch manifest @firebase/performance-compat@0.2.25
103 silly packumentCache full:https://registry.npmjs.org/@firebase%2fperformance-compat cache-miss
104 http fetch GET 200 https://registry.npmjs.org/@firebase%2finstallations-compat 3732ms (cache revalidated)
105 silly packumentCache full:https://registry.npmjs.org/@firebase%2finstallations-compat set size:5686426 disposed:false
106 silly fetch manifest @firebase/remote-config@0.8.3
107 silly packumentCache full:https://registry.npmjs.org/@firebase%2fremote-config cache-miss
108 http fetch GET 200 https://registry.npmjs.org/@firebase%2fmessaging-compat 3037ms (cache revalidated)
109 silly packumentCache full:https://registry.npmjs.org/@firebase%2fmessaging-compat set size:5550417 disposed:false
110 silly fetch manifest @firebase/remote-config-compat@0.2.24
111 silly packumentCache full:https://registry.npmjs.org/@firebase%2fremote-config-compat cache-miss
112 http fetch GET 200 https://registry.npmjs.org/@firebase%2ffunctions-compat 4434ms (cache revalidated)
113 silly packumentCache full:https://registry.npmjs.org/@firebase%2ffunctions-compat set size:6430201 disposed:false
114 silly fetch manifest @firebase/analytics@0.10.22
115 silly packumentCache full:https://registry.npmjs.org/@firebase%2fanalytics cache-miss
116 http fetch GET 200 https://registry.npmjs.org/@firebase%2fremote-config 2440ms (cache revalidated)
117 silly packumentCache full:https://registry.npmjs.org/@firebase%2fremote-config set size:11212529 disposed:false
118 silly fetch manifest @firebase/analytics-compat@0.2.28
119 silly packumentCache full:https://registry.npmjs.org/@firebase%2fanalytics-compat cache-miss
120 http fetch GET 200 https://registry.npmjs.org/@firebase%2fremote-config-compat 2573ms (cache revalidated)
121 silly packumentCache full:https://registry.npmjs.org/@firebase%2fremote-config-compat set size:5948112 disposed:false
122 silly fetch manifest @firebase/app-check@0.11.3
123 silly packumentCache full:https://registry.npmjs.org/@firebase%2fapp-check cache-miss
124 http fetch GET 200 https://registry.npmjs.org/@firebase%2fstorage-compat 4378ms (cache revalidated)
125 silly packumentCache full:https://registry.npmjs.org/@firebase%2fstorage-compat set size:6268928 disposed:false
126 silly fetch manifest @firebase/app-check-compat@0.4.3
127 silly packumentCache full:https://registry.npmjs.org/@firebase%2fapp-check-compat cache-miss
128 http fetch GET 200 https://registry.npmjs.org/@firebase%2fperformance 4076ms (cache revalidated)
129 silly packumentCache full:https://registry.npmjs.org/@firebase%2fperformance set size:11933228 disposed:false
130 silly fetch manifest @firebase/util@1.15.1
131 silly packumentCache full:https://registry.npmjs.org/@firebase%2futil cache-miss
132 http fetch GET 200 https://registry.npmjs.org/@firebase%2fanalytics 3041ms (cache revalidated)
133 silly packumentCache full:https://registry.npmjs.org/@firebase%2fanalytics set size:11371281 disposed:false
134 http fetch GET 200 https://registry.npmjs.org/@firebase%2fperformance-compat 4093ms (cache revalidated)
135 silly packumentCache full:https://registry.npmjs.org/@firebase%2fperformance-compat set size:5986422 disposed:false
136 http fetch GET 200 https://registry.npmjs.org/@firebase%2fstorage 5733ms (cache revalidated)
137 silly packumentCache full:https://registry.npmjs.org/@firebase%2fstorage set size:14953950 disposed:false
138 http fetch GET 200 https://registry.npmjs.org/@firebase%2fanalytics-compat 2377ms (cache revalidated)
139 silly packumentCache full:https://registry.npmjs.org/@firebase%2fanalytics-compat set size:5766776 disposed:false
140 http fetch GET 200 https://registry.npmjs.org/@firebase%2futil 1865ms (cache revalidated)
141 silly packumentCache full:https://registry.npmjs.org/@firebase%2futil set size:13157455 disposed:false
142 http fetch GET 200 https://registry.npmjs.org/@firebase%2fapp-check-compat 2513ms (cache revalidated)
143 silly packumentCache full:https://registry.npmjs.org/@firebase%2fapp-check-compat set size:5779446 disposed:false
144 http fetch GET 200 https://registry.npmjs.org/@firebase%2fapp-check 2865ms (cache revalidated)
145 silly packumentCache full:https://registry.npmjs.org/@firebase%2fapp-check set size:6467196 disposed:false
146 silly placeDep ROOT object-assign@4.1.1 OK for: cors@2.8.6 want: ^4
147 silly fetch manifest @react-native-async-storage/async-storage@^2.2.0 || ^3.0.0
148 silly packumentCache full:https://registry.npmjs.org/@react-native-async-storage%2fasync-storage cache-miss
149 http fetch GET 200 https://registry.npmjs.org/@react-native-async-storage%2fasync-storage 20428ms (cache revalidated)
150 silly packumentCache full:https://registry.npmjs.org/@react-native-async-storage%2fasync-storage set size:414145 disposed:false
151 silly fetch manifest react@*
152 silly packumentCache full:https://registry.npmjs.org/react cache-miss
153 http fetch GET 200 https://registry.npmjs.org/react 2587ms (cache revalidated)
154 silly packumentCache full:https://registry.npmjs.org/react set size:6650647 disposed:false
155 silly fetch manifest react-native@*
156 silly packumentCache full:https://registry.npmjs.org/react-native cache-miss
157 silly placeDep ROOT @firebase/ai@2.12.0 OK for: firebase@12.13.0 want: 2.12.0
158 silly placeDep ROOT @firebase/app@0.14.12 OK for: @firebase/ai@2.12.0 want: 0.x
159 silly placeDep ROOT @firebase/app-types@0.9.5 OK for: @firebase/ai@2.12.0 want: 0.x
160 silly placeDep ROOT @firebase/analytics@0.10.22 OK for: firebase@12.13.0 want: 0.10.22
161 silly placeDep ROOT @firebase/analytics-compat@0.2.28 OK for: firebase@12.13.0 want: 0.2.28
162 silly placeDep ROOT @firebase/app-compat@0.5.12 OK for: @firebase/analytics-compat@0.2.28 want: 0.x
163 silly placeDep ROOT @firebase/app-check@0.11.3 OK for: firebase@12.13.0 want: 0.11.3
164 silly placeDep ROOT @firebase/app-check-compat@0.4.3 OK for: firebase@12.13.0 want: 0.4.3
165 silly placeDep ROOT @firebase/auth@1.13.1 OK for: firebase@12.13.0 want: 1.13.1
166 silly placeDep ROOT @firebase/auth-compat@0.6.6 OK for: firebase@12.13.0 want: 0.6.6
167 silly placeDep ROOT @firebase/data-connect@0.7.0 OK for: firebase@12.13.0 want: 0.7.0
168 silly placeDep ROOT @firebase/database@1.1.3 OK for: firebase@12.13.0 want: 1.1.3
169 silly placeDep ROOT @firebase/database-compat@2.1.4 OK for: firebase@12.13.0 want: 2.1.4
170 silly placeDep ROOT @firebase/firestore@4.14.1 OK for: firebase@12.13.0 want: 4.14.1
171 silly placeDep ROOT @firebase/firestore-compat@0.4.9 OK for: firebase@12.13.0 want: 0.4.9
172 silly placeDep ROOT @firebase/functions@0.13.4 OK for: firebase@12.13.0 want: 0.13.4
173 silly placeDep ROOT @firebase/functions-compat@0.4.4 OK for: firebase@12.13.0 want: 0.4.4
174 silly placeDep ROOT @firebase/installations@0.6.22 OK for: firebase@12.13.0 want: 0.6.22
175 silly placeDep ROOT @firebase/installations-compat@0.2.22 OK for: firebase@12.13.0 want: 0.2.22
176 silly placeDep ROOT @firebase/messaging@0.12.26 OK for: firebase@12.13.0 want: 0.12.26
177 silly placeDep ROOT @firebase/messaging-compat@0.2.26 OK for: firebase@12.13.0 want: 0.2.26
178 silly placeDep ROOT @firebase/performance@0.7.12 OK for: firebase@12.13.0 want: 0.7.12
179 silly placeDep ROOT @firebase/performance-compat@0.2.25 OK for: firebase@12.13.0 want: 0.2.25
180 silly placeDep ROOT @firebase/remote-config@0.8.3 OK for: firebase@12.13.0 want: 0.8.3
181 silly placeDep ROOT @firebase/remote-config-compat@0.2.24 OK for: firebase@12.13.0 want: 0.2.24
182 silly placeDep ROOT @firebase/storage@0.14.3 OK for: firebase@12.13.0 want: 0.14.3
183 silly placeDep ROOT @firebase/storage-compat@0.4.3 OK for: firebase@12.13.0 want: 0.4.3
184 silly placeDep ROOT @firebase/util@1.15.1 OK for: firebase@12.13.0 want: 1.15.1
185 silly fetch manifest @firebase/app-check-interop-types@0.3.4
186 silly packumentCache full:https://registry.npmjs.org/@firebase%2fapp-check-interop-types cache-miss
187 silly fetch manifest @firebase/component@0.7.3
188 silly packumentCache full:https://registry.npmjs.org/@firebase%2fcomponent cache-miss
189 silly fetch manifest @firebase/logger@0.5.1
190 silly packumentCache full:https://registry.npmjs.org/@firebase%2flogger cache-miss
191 silly fetch manifest tslib@^2.1.0
192 silly packumentCache full:https://registry.npmjs.org/tslib cache-miss
193 silly fetch manifest @firebase/logger@0.5.1
194 silly packumentCache full:https://registry.npmjs.org/@firebase%2flogger cache-miss
195 silly fetch manifest @firebase/logger@0.5.1
196 silly packumentCache full:https://registry.npmjs.org/@firebase%2flogger cache-miss
197 silly fetch manifest @firebase/component@0.7.3
198 silly packumentCache full:https://registry.npmjs.org/@firebase%2fcomponent cache-miss
199 http fetch GET https://registry.npmjs.org/@firebase%2flogger attempt 1 failed with ENOTFOUND
200 http fetch GET https://registry.npmjs.org/@firebase%2fapp-check-interop-types attempt 1 failed with ENOTFOUND
201 http fetch GET https://registry.npmjs.org/tslib attempt 1 failed with ENOTFOUND
202 http fetch GET https://registry.npmjs.org/@firebase%2flogger attempt 1 failed with ENOTFOUND
203 http fetch GET https://registry.npmjs.org/@firebase%2flogger attempt 1 failed with ENOTFOUND
204 http fetch GET https://registry.npmjs.org/@firebase%2fcomponent attempt 1 failed with ENOTFOUND
205 http fetch GET https://registry.npmjs.org/@firebase%2fcomponent attempt 1 failed with ENOTFOUND
206 http fetch GET https://registry.npmjs.org/@firebase%2flogger attempt 2 failed with ENOTFOUND
207 http fetch GET https://registry.npmjs.org/@firebase%2fapp-check-interop-types attempt 2 failed with ENOTFOUND
208 http fetch GET https://registry.npmjs.org/tslib attempt 2 failed with ENOTFOUND
209 http fetch GET https://registry.npmjs.org/@firebase%2flogger attempt 2 failed with ENOTFOUND
210 http fetch GET https://registry.npmjs.org/@firebase%2flogger attempt 2 failed with ENOTFOUND
211 http fetch GET https://registry.npmjs.org/@firebase%2fcomponent attempt 2 failed with ENOTFOUND
212 http fetch GET https://registry.npmjs.org/@firebase%2fcomponent attempt 2 failed with ENOTFOUND
213 http fetch GET https://registry.npmjs.org/@firebase%2flogger attempt 3 failed with ENOTFOUND
214 http fetch GET https://registry.npmjs.org/@firebase%2fapp-check-interop-types attempt 3 failed with ENOTFOUND
215 http fetch GET https://registry.npmjs.org/tslib attempt 3 failed with ENOTFOUND
216 http fetch GET https://registry.npmjs.org/@firebase%2flogger attempt 3 failed with ENOTFOUND
217 http fetch GET https://registry.npmjs.org/@firebase%2flogger attempt 3 failed with ENOTFOUND
218 http fetch GET https://registry.npmjs.org/@firebase%2fcomponent attempt 3 failed with ENOTFOUND
219 http fetch GET https://registry.npmjs.org/@firebase%2fcomponent attempt 3 failed with ENOTFOUND
220 http fetch GET 200 https://registry.npmjs.org/tslib 82164ms (cache stale)
221 silly packumentCache full:https://registry.npmjs.org/tslib set size:108760 disposed:false
222 silly fetch manifest idb@7.1.1
223 silly packumentCache full:https://registry.npmjs.org/idb cache-miss
224 http fetch GET 200 https://registry.npmjs.org/@firebase%2fapp-check-interop-types 82245ms (cache stale)
225 silly packumentCache full:https://registry.npmjs.org/@firebase%2fapp-check-interop-types set size:3691958 disposed:false
226 silly fetch manifest @firebase/logger@0.5.1
227 silly packumentCache full:https://registry.npmjs.org/@firebase%2flogger cache-miss
228 http fetch GET 200 https://registry.npmjs.org/@firebase%2fcomponent 82433ms (cache stale)
229 silly packumentCache full:https://registry.npmjs.org/@firebase%2fcomponent set size:9333331 disposed:false
230 silly fetch manifest @firebase/analytics-types@0.8.4
231 silly packumentCache full:https://registry.npmjs.org/@firebase%2fanalytics-types cache-miss
232 http fetch GET 200 https://registry.npmjs.org/@firebase%2fcomponent 82872ms (cache stale)
233 silly packumentCache full:https://registry.npmjs.org/@firebase%2fcomponent set size:9333331 disposed:false
234 silly fetch manifest @firebase/logger@0.5.1
235 silly packumentCache full:https://registry.npmjs.org/@firebase%2flogger cache-miss
236 http fetch GET 200 https://registry.npmjs.org/@firebase%2flogger 83310ms (cache stale)
237 silly packumentCache full:https://registry.npmjs.org/@firebase%2flogger set size:11881595 disposed:false
238 silly fetch manifest @firebase/app-check-types@0.5.4
239 silly packumentCache full:https://registry.npmjs.org/@firebase%2fapp-check-types cache-miss
240 http fetch GET 200 https://registry.npmjs.org/@firebase%2flogger 84027ms (cache stale)
241 silly packumentCache full:https://registry.npmjs.org/@firebase%2flogger set size:11881595 disposed:false
242 silly fetch manifest @firebase/auth-types@0.13.1
243 silly packumentCache full:https://registry.npmjs.org/@firebase%2fauth-types cache-miss
244 http fetch GET 200 https://registry.npmjs.org/@firebase%2flogger 89718ms (cache stale)
245 silly packumentCache full:https://registry.npmjs.org/@firebase%2flogger set size:11881595 disposed:false
246 silly fetch manifest @firebase/auth-interop-types@0.2.5
247 silly packumentCache full:https://registry.npmjs.org/@firebase%2fauth-interop-types cache-miss
248 http fetch GET https://registry.npmjs.org/@firebase%2fanalytics-types attempt 1 failed with ENOTFOUND
249 http fetch GET https://registry.npmjs.org/@firebase%2flogger attempt 1 failed with ENOTFOUND
250 http fetch GET https://registry.npmjs.org/@firebase%2fauth-types attempt 1 failed with ENOTFOUND
251 http fetch GET https://registry.npmjs.org/@firebase%2fapp-check-types attempt 1 failed with ENOTFOUND
252 http fetch GET https://registry.npmjs.org/idb attempt 1 failed with ENOTFOUND
253 http fetch GET https://registry.npmjs.org/@firebase%2flogger attempt 1 failed with ENOTFOUND
254 http fetch GET https://registry.npmjs.org/@firebase%2fauth-interop-types attempt 1 failed with ENOTFOUND
255 http fetch GET https://registry.npmjs.org/@firebase%2fanalytics-types attempt 2 failed with ENOTFOUND
256 http fetch GET https://registry.npmjs.org/@firebase%2flogger attempt 2 failed with ENOTFOUND
257 http fetch GET https://registry.npmjs.org/@firebase%2fauth-types attempt 2 failed with ENOTFOUND
258 http fetch GET https://registry.npmjs.org/@firebase%2fapp-check-types attempt 2 failed with ENOTFOUND
259 http fetch GET https://registry.npmjs.org/idb attempt 2 failed with ENOTFOUND
260 http fetch GET https://registry.npmjs.org/@firebase%2flogger attempt 2 failed with ENOTFOUND
261 http fetch GET https://registry.npmjs.org/@firebase%2fauth-interop-types attempt 2 failed with ENOTFOUND
262 http fetch GET https://registry.npmjs.org/@firebase%2fanalytics-types attempt 3 failed with ENOTFOUND
263 http fetch GET https://registry.npmjs.org/@firebase%2flogger attempt 3 failed with ENOTFOUND
264 http fetch GET https://registry.npmjs.org/@firebase%2fauth-types attempt 3 failed with ENOTFOUND
265 http fetch GET https://registry.npmjs.org/@firebase%2fapp-check-types attempt 3 failed with ENOTFOUND
266 http fetch GET https://registry.npmjs.org/idb attempt 3 failed with ENOTFOUND
267 http fetch GET https://registry.npmjs.org/@firebase%2flogger attempt 3 failed with ENOTFOUND
268 http fetch GET https://registry.npmjs.org/@firebase%2fauth-interop-types attempt 3 failed with ENOTFOUND
269 http fetch GET 200 https://registry.npmjs.org/@firebase%2flogger 196987ms (cache stale)
270 silly packumentCache full:https://registry.npmjs.org/@firebase%2flogger set size:11881595 disposed:false
271 silly fetch manifest @firebase/auth-interop-types@0.2.5
272 silly packumentCache full:https://registry.npmjs.org/@firebase%2fauth-interop-types cache-miss
273 http fetch GET 200 https://registry.npmjs.org/@firebase%2fapp-check-types 196562ms (cache stale)
274 silly packumentCache full:https://registry.npmjs.org/@firebase%2fapp-check-types set size:3634757 disposed:false
275 silly fetch manifest faye-websocket@0.11.4
276 silly packumentCache full:https://registry.npmjs.org/faye-websocket cache-miss
277 http fetch GET 200 https://registry.npmjs.org/idb 199188ms (cache stale)
278 silly packumentCache full:https://registry.npmjs.org/idb set size:170881 disposed:false
279 silly fetch manifest @firebase/database-types@1.0.20
280 silly packumentCache full:https://registry.npmjs.org/@firebase%2fdatabase-types cache-miss
281 http fetch GET 200 https://registry.npmjs.org/@firebase%2fanalytics-types 198737ms (cache stale)
282 silly packumentCache full:https://registry.npmjs.org/@firebase%2fanalytics-types set size:6700249 disposed:false
283 silly fetch manifest @firebase/webchannel-wrapper@1.0.6
284 silly packumentCache full:https://registry.npmjs.org/@firebase%2fwebchannel-wrapper cache-miss
285 http fetch GET 200 https://registry.npmjs.org/@firebase%2fauth-types 192122ms (cache stale)
286 silly packumentCache full:https://registry.npmjs.org/@firebase%2fauth-types set size:8916447 disposed:false
287 silly fetch manifest @grpc/grpc-js@~1.9.0
288 silly packumentCache full:https://registry.npmjs.org/@grpc%2fgrpc-js cache-miss
289 http fetch GET 200 https://registry.npmjs.org/@firebase%2flogger 199682ms (cache stale)
290 silly packumentCache full:https://registry.npmjs.org/@firebase%2flogger set size:11881595 disposed:false
291 silly fetch manifest @grpc/proto-loader@^0.7.8
292 silly packumentCache full:https://registry.npmjs.org/@grpc%2fproto-loader cache-miss
293 http fetch GET 200 https://registry.npmjs.org/@firebase%2fauth-interop-types 192613ms (cache stale)
294 silly packumentCache full:https://registry.npmjs.org/@firebase%2fauth-interop-types set size:6601787 disposed:false
295 silly fetch manifest @firebase/firestore-types@3.0.4
296 silly packumentCache full:https://registry.npmjs.org/@firebase%2ffirestore-types cache-miss
297 http fetch GET https://registry.npmjs.org/@firebase%2fauth-interop-types attempt 1 failed with ENOTFOUND
298 http fetch GET https://registry.npmjs.org/@firebase%2fwebchannel-wrapper attempt 1 failed with ENOTFOUND
299 http fetch GET https://registry.npmjs.org/faye-websocket attempt 1 failed with ENOTFOUND
300 http fetch GET https://registry.npmjs.org/@firebase%2fdatabase-types attempt 1 failed with ENOTFOUND
301 http fetch GET https://registry.npmjs.org/@grpc%2fgrpc-js attempt 1 failed with ENOTFOUND
302 http fetch GET https://registry.npmjs.org/@grpc%2fproto-loader attempt 1 failed with ENOTFOUND
303 http fetch GET https://registry.npmjs.org/@firebase%2ffirestore-types attempt 1 failed with ENOTFOUND
304 http fetch GET https://registry.npmjs.org/@firebase%2fauth-interop-types attempt 2 failed with ENOTFOUND
305 http fetch GET https://registry.npmjs.org/@firebase%2fwebchannel-wrapper attempt 2 failed with ENOTFOUND
306 http fetch GET https://registry.npmjs.org/faye-websocket attempt 2 failed with ENOTFOUND
307 http fetch GET https://registry.npmjs.org/@firebase%2fdatabase-types attempt 2 failed with ENOTFOUND
308 http fetch GET https://registry.npmjs.org/@grpc%2fgrpc-js attempt 2 failed with ENOTFOUND
309 http fetch GET https://registry.npmjs.org/@grpc%2fproto-loader attempt 2 failed with ENOTFOUND
310 http fetch GET https://registry.npmjs.org/@firebase%2ffirestore-types attempt 2 failed with ENOTFOUND
311 http fetch GET https://registry.npmjs.org/@firebase%2fauth-interop-types attempt 3 failed with ENOTFOUND
312 http fetch GET 200 https://registry.npmjs.org/@firebase%2fauth-interop-types 258983ms (cache stale)
313 silly packumentCache full:https://registry.npmjs.org/@firebase%2fauth-interop-types set size:6601787 disposed:false
314 silly fetch manifest @firebase/messaging-interop-types@0.2.4
315 silly packumentCache full:https://registry.npmjs.org/@firebase%2fmessaging-interop-types cache-miss
316 http fetch GET https://registry.npmjs.org/@firebase%2fwebchannel-wrapper attempt 3 failed with ENOTFOUND
317 http fetch GET https://registry.npmjs.org/faye-websocket attempt 3 failed with ENOTFOUND
318 http fetch GET 200 https://registry.npmjs.org/faye-websocket 258307ms (cache stale)
319 silly packumentCache full:https://registry.npmjs.org/faye-websocket set size:45682 disposed:false
320 silly fetch manifest @firebase/functions-types@0.6.4
321 silly packumentCache full:https://registry.npmjs.org/@firebase%2ffunctions-types cache-miss
322 http fetch GET https://registry.npmjs.org/@firebase%2fdatabase-types attempt 3 failed with ENOTFOUND
323 http fetch GET https://registry.npmjs.org/@grpc%2fgrpc-js attempt 3 failed with ENOTFOUND
324 http fetch GET https://registry.npmjs.org/@grpc%2fproto-loader attempt 3 failed with ENOTFOUND
325 http fetch GET https://registry.npmjs.org/@firebase%2ffirestore-types attempt 3 failed with ENOTFOUND
326 http fetch GET 200 https://registry.npmjs.org/@firebase%2fwebchannel-wrapper 258154ms (cache stale)
327 silly packumentCache full:https://registry.npmjs.org/@firebase%2fwebchannel-wrapper set size:10721063 disposed:false
328 silly fetch manifest @firebase/installations-types@0.5.4
329 silly packumentCache full:https://registry.npmjs.org/@firebase%2finstallations-types cache-miss
330 http fetch GET 200 https://registry.npmjs.org/@grpc%2fgrpc-js 259802ms (cache stale)
331 silly packumentCache full:https://registry.npmjs.org/@grpc%2fgrpc-js set size:658277 disposed:false
332 silly fetch manifest @firebase/messaging-interop-types@0.2.4
333 silly packumentCache full:https://registry.npmjs.org/@firebase%2fmessaging-interop-types cache-miss
334 http fetch GET https://registry.npmjs.org/@firebase%2fmessaging-interop-types attempt 1 failed with ENOTFOUND
335 http fetch GET 200 https://registry.npmjs.org/@grpc%2fproto-loader 259264ms (cache stale)
336 silly packumentCache full:https://registry.npmjs.org/@grpc%2fproto-loader set size:218355 disposed:false
337 silly fetch manifest web-vitals@^4.2.4
338 silly packumentCache full:https://registry.npmjs.org/web-vitals cache-miss
339 http fetch GET 200 https://registry.npmjs.org/@firebase%2fdatabase-types 260453ms (cache stale)
340 silly packumentCache full:https://registry.npmjs.org/@firebase%2fdatabase-types set size:9136291 disposed:false
341 silly fetch manifest @firebase/performance-types@0.2.4
342 silly packumentCache full:https://registry.npmjs.org/@firebase%2fperformance-types cache-miss
343 http fetch GET 200 https://registry.npmjs.org/@firebase%2ffirestore-types 257829ms (cache stale)
344 silly packumentCache full:https://registry.npmjs.org/@firebase%2ffirestore-types set size:8995685 disposed:false
345 silly fetch manifest @firebase/remote-config-types@0.5.1
346 silly packumentCache full:https://registry.npmjs.org/@firebase%2fremote-config-types cache-miss
347 http fetch GET https://registry.npmjs.org/@firebase%2ffunctions-types attempt 1 failed with ENOTFOUND
348 http fetch GET https://registry.npmjs.org/@firebase%2fmessaging-interop-types attempt 1 failed with ENOTFOUND
349 http fetch GET https://registry.npmjs.org/web-vitals attempt 1 failed with ENOTFOUND
350 http fetch GET https://registry.npmjs.org/@firebase%2fperformance-types attempt 1 failed with ENOTFOUND
351 http fetch GET https://registry.npmjs.org/@firebase%2finstallations-types attempt 1 failed with ENOTFOUND
352 http fetch GET https://registry.npmjs.org/@firebase%2fremote-config-types attempt 1 failed with ENOTFOUND
353 http fetch GET https://registry.npmjs.org/@firebase%2fmessaging-interop-types attempt 2 failed with ENOTFOUND
354 http fetch GET https://registry.npmjs.org/@firebase%2ffunctions-types attempt 2 failed with ENOTFOUND
355 http fetch GET https://registry.npmjs.org/@firebase%2fmessaging-interop-types attempt 2 failed with ENOTFOUND
356 http fetch GET https://registry.npmjs.org/web-vitals attempt 2 failed with ENOTFOUND
357 http fetch GET https://registry.npmjs.org/@firebase%2fperformance-types attempt 2 failed with ENOTFOUND
358 http fetch GET https://registry.npmjs.org/@firebase%2finstallations-types attempt 2 failed with ENOTFOUND
359 http fetch GET https://registry.npmjs.org/@firebase%2fremote-config-types attempt 2 failed with ENOTFOUND
360 http fetch GET https://registry.npmjs.org/@firebase%2fmessaging-interop-types attempt 3 failed with ENOTFOUND
361 http fetch GET 200 https://registry.npmjs.org/@firebase%2fmessaging-interop-types 175385ms (cache stale)
362 silly packumentCache full:https://registry.npmjs.org/@firebase%2fmessaging-interop-types set size:3155120 disposed:false
363 silly fetch manifest @firebase/storage-types@0.8.4
364 silly packumentCache full:https://registry.npmjs.org/@firebase%2fstorage-types cache-miss
365 http fetch GET https://registry.npmjs.org/@firebase%2fstorage-types attempt 1 failed with ENOTFOUND
366 http fetch GET https://registry.npmjs.org/@firebase%2ffunctions-types attempt 3 failed with ENOTFOUND
367 http fetch GET https://registry.npmjs.org/@firebase%2fmessaging-interop-types attempt 3 failed with ENOTFOUND
368 http fetch GET https://registry.npmjs.org/web-vitals attempt 3 failed with ENOTFOUND
369 http fetch GET 200 https://registry.npmjs.org/@firebase%2ffunctions-types 175839ms (cache stale)
370 silly packumentCache full:https://registry.npmjs.org/@firebase%2ffunctions-types set size:8536494 disposed:false
371 http fetch GET https://registry.npmjs.org/@firebase%2fperformance-types attempt 3 failed with ENOTFOUND
372 http fetch GET https://registry.npmjs.org/@firebase%2finstallations-types attempt 3 failed with ENOTFOUND
373 http fetch GET https://registry.npmjs.org/@firebase%2fremote-config-types attempt 3 failed with ENOTFOUND
374 http fetch GET 200 https://registry.npmjs.org/@firebase%2fmessaging-interop-types 174049ms (cache stale)
375 silly packumentCache full:https://registry.npmjs.org/@firebase%2fmessaging-interop-types set size:3155120 disposed:false
376 http fetch GET 200 https://registry.npmjs.org/web-vitals 174127ms (cache stale)
377 silly packumentCache full:https://registry.npmjs.org/web-vitals set size:517468 disposed:false
378 http fetch GET 200 https://registry.npmjs.org/@firebase%2fperformance-types 173914ms (cache stale)
379 silly packumentCache full:https://registry.npmjs.org/@firebase%2fperformance-types set size:7212017 disposed:false
380 http fetch GET 200 https://registry.npmjs.org/@firebase%2finstallations-types 174500ms (cache stale)
381 silly packumentCache full:https://registry.npmjs.org/@firebase%2finstallations-types set size:7496207 disposed:false
382 http fetch GET 200 https://registry.npmjs.org/@firebase%2fremote-config-types 189742ms (cache stale)
383 silly packumentCache full:https://registry.npmjs.org/@firebase%2fremote-config-types set size:6749716 disposed:false
384 http fetch GET https://registry.npmjs.org/@firebase%2fstorage-types attempt 2 failed with ENOTFOUND
385 http fetch GET https://registry.npmjs.org/@firebase%2fstorage-types attempt 3 failed with ENOTFOUND
386 http fetch GET 200 https://registry.npmjs.org/@firebase%2fstorage-types 218645ms (cache stale)
387 silly packumentCache full:https://registry.npmjs.org/@firebase%2fstorage-types set size:8900279 disposed:false
388 silly placeDep ROOT @firebase/app-check-interop-types@0.3.4 OK for: @firebase/ai@2.12.0 want: 0.3.4
389 silly placeDep ROOT @firebase/component@0.7.3 OK for: @firebase/ai@2.12.0 want: 0.7.3
390 silly placeDep ROOT @firebase/logger@0.5.1 OK for: @firebase/ai@2.12.0 want: 0.5.1
391 silly placeDep ROOT tslib@2.8.1 OK for: @firebase/ai@2.12.0 want: ^2.1.0
392 silly placeDep ROOT @firebase/analytics-types@0.8.4 OK for: @firebase/analytics-compat@0.2.28 want: 0.8.4
393 silly placeDep ROOT idb@7.1.1 OK for: @firebase/app@0.14.12 want: 7.1.1
394 silly placeDep ROOT @firebase/app-check-types@0.5.4 OK for: @firebase/app-check-compat@0.4.3 want: 0.5.4
395 silly fetch manifest @firebase/app-types@0.x
396 silly packumentCache full:https://registry.npmjs.org/@firebase%2fapp-types cache-miss
397 http fetch GET https://registry.npmjs.org/@firebase%2fapp-types attempt 1 failed with ENOTFOUND
398 http fetch GET https://registry.npmjs.org/@firebase%2fapp-types attempt 2 failed with ENOTFOUND
399 http fetch GET https://registry.npmjs.org/@firebase%2fapp-types attempt 3 failed with ENOTFOUND
400 http fetch GET 200 https://registry.npmjs.org/@firebase%2fapp-types 958415ms (cache stale)
401 silly packumentCache full:https://registry.npmjs.org/@firebase%2fapp-types set size:8583221 disposed:false
402 silly placeDep ROOT @firebase/auth-types@0.13.1 OK for: @firebase/auth-compat@0.6.6 want: 0.13.1
403 silly placeDep ROOT @firebase/auth-interop-types@0.2.5 OK for: @firebase/data-connect@0.7.0 want: 0.2.5
404 silly placeDep ROOT faye-websocket@0.11.4 OK for: @firebase/database@1.1.3 want: 0.11.4
405 silly fetch manifest websocket-driver@>=0.5.1
406 silly packumentCache full:https://registry.npmjs.org/websocket-driver cache-miss
407 http fetch GET https://registry.npmjs.org/websocket-driver attempt 1 failed with ENOTFOUND
408 http fetch GET https://registry.npmjs.org/websocket-driver attempt 2 failed with ENOTFOUND
409 http fetch GET https://registry.npmjs.org/websocket-driver attempt 3 failed with ENOTFOUND
410 http fetch GET 200 https://registry.npmjs.org/websocket-driver 1779622ms (cache stale)
411 silly packumentCache full:https://registry.npmjs.org/websocket-driver set size:55869 disposed:false
412 silly placeDep ROOT @firebase/database-types@1.0.20 OK for: @firebase/database-compat@2.1.4 want: 1.0.20
413 silly placeDep ROOT @firebase/webchannel-wrapper@1.0.6 OK for: @firebase/firestore@4.14.1 want: 1.0.6
414 silly placeDep ROOT @grpc/grpc-js@1.9.15 OK for: @firebase/firestore@4.14.1 want: ~1.9.0
415 silly placeDep ROOT @grpc/proto-loader@0.7.15 OK for: @firebase/firestore@4.14.1 want: ^0.7.8
416 silly fetch manifest @types/node@>=12.12.47
417 silly packumentCache full:https://registry.npmjs.org/@types%2fnode cache-miss
418 silly fetch manifest long@^5.0.0
419 silly packumentCache full:https://registry.npmjs.org/long cache-miss
420 silly fetch manifest yargs@^17.7.2
421 silly packumentCache full:https://registry.npmjs.org/yargs cache-miss
422 silly fetch manifest protobufjs@^7.2.5
423 silly packumentCache full:https://registry.npmjs.org/protobufjs cache-miss
424 silly fetch manifest lodash.camelcase@^4.3.0
425 silly packumentCache full:https://registry.npmjs.org/lodash.camelcase cache-miss
426 http fetch GET https://registry.npmjs.org/@types%2fnode attempt 1 failed with ENOTFOUND
427 http fetch GET https://registry.npmjs.org/lodash.camelcase attempt 1 failed with ENOTFOUND
428 http fetch GET https://registry.npmjs.org/long attempt 1 failed with ENOTFOUND
429 http fetch GET https://registry.npmjs.org/yargs attempt 1 failed with ENOTFOUND
430 http fetch GET https://registry.npmjs.org/protobufjs attempt 1 failed with ENOTFOUND
431 http fetch GET https://registry.npmjs.org/@types%2fnode attempt 2 failed with ENOTFOUND
432 http fetch GET https://registry.npmjs.org/lodash.camelcase attempt 2 failed with ENOTFOUND
433 http fetch GET https://registry.npmjs.org/long attempt 2 failed with ENOTFOUND
434 http fetch GET https://registry.npmjs.org/yargs attempt 2 failed with ENOTFOUND
435 http fetch GET https://registry.npmjs.org/protobufjs attempt 2 failed with ENOTFOUND
436 http fetch GET https://registry.npmjs.org/@types%2fnode attempt 3 failed with ENOTFOUND
437 http fetch GET https://registry.npmjs.org/lodash.camelcase attempt 3 failed with ENOTFOUND
438 http fetch GET https://registry.npmjs.org/long attempt 3 failed with ENOTFOUND
439 http fetch GET https://registry.npmjs.org/yargs attempt 3 failed with ENOTFOUND
440 http fetch GET https://registry.npmjs.org/protobufjs attempt 3 failed with ENOTFOUND
441 http fetch GET 200 https://registry.npmjs.org/long 3630385ms (cache stale)
442 silly packumentCache full:https://registry.npmjs.org/long set size:80704 disposed:false
443 http fetch GET 200 https://registry.npmjs.org/lodash.camelcase 3630400ms (cache stale)
444 silly packumentCache full:https://registry.npmjs.org/lodash.camelcase set size:16993 disposed:false
445 http fetch GET 200 https://registry.npmjs.org/yargs 3630421ms (cache stale)
446 silly packumentCache full:https://registry.npmjs.org/yargs set size:743056 disposed:false
447 http fetch GET 200 https://registry.npmjs.org/protobufjs 3630529ms (cache stale)
448 silly packumentCache full:https://registry.npmjs.org/protobufjs set size:671611 disposed:false
449 http fetch GET 200 https://registry.npmjs.org/@types%2fnode 3630651ms (cache stale)
450 silly packumentCache full:https://registry.npmjs.org/@types%2fnode set size:11012080 disposed:false
451 silly placeDep ROOT @firebase/firestore-types@3.0.4 OK for: @firebase/firestore-compat@0.4.9 want: 3.0.4
452 silly placeDep ROOT @firebase/messaging-interop-types@0.2.4 OK for: @firebase/functions@0.13.4 want: 0.2.4
453 silly placeDep ROOT @firebase/functions-types@0.6.4 OK for: @firebase/functions-compat@0.4.4 want: 0.6.4
454 silly placeDep ROOT @firebase/installations-types@0.5.4 OK for: @firebase/installations-compat@0.2.22 want: 0.5.4
455 silly placeDep ROOT web-vitals@4.2.4 OK for: @firebase/performance@0.7.12 want: ^4.2.4
456 silly placeDep ROOT @firebase/performance-types@0.2.4 OK for: @firebase/performance-compat@0.2.25 want: 0.2.4
457 silly placeDep ROOT @firebase/remote-config-types@0.5.1 OK for: @firebase/remote-config-compat@0.2.24 want: 0.5.1
458 silly placeDep ROOT @firebase/storage-types@0.8.4 OK for: @firebase/storage-compat@0.4.3 want: 0.8.4
459 silly placeDep ROOT @types/node@25.9.0 OK for: @grpc/grpc-js@1.9.15 want: >=12.12.47
460 silly fetch manifest undici-types@>=7.24.0 <7.24.7
461 silly packumentCache full:https://registry.npmjs.org/undici-types cache-miss
462 http fetch GET https://registry.npmjs.org/undici-types attempt 1 failed with ENOTFOUND
463 http fetch GET https://registry.npmjs.org/undici-types attempt 2 failed with ENOTFOUND
464 http fetch GET https://registry.npmjs.org/undici-types attempt 3 failed with ENOTFOUND
465 http fetch GET 200 https://registry.npmjs.org/undici-types 4191869ms (cache stale)
466 silly packumentCache full:https://registry.npmjs.org/undici-types set size:214705 disposed:false
467 silly placeDep ROOT lodash.camelcase@4.3.0 OK for: @grpc/proto-loader@0.7.15 want: ^4.3.0
468 silly placeDep ROOT long@5.3.2 OK for: @grpc/proto-loader@0.7.15 want: ^5.0.0
469 silly placeDep ROOT protobufjs@7.6.0 OK for: @grpc/proto-loader@0.7.15 want: ^7.2.5
470 silly placeDep ROOT yargs@17.7.2 OK for: @grpc/proto-loader@0.7.15 want: ^17.7.2
471 silly fetch manifest @protobufjs/aspromise@^1.1.2
472 silly packumentCache full:https://registry.npmjs.org/@protobufjs%2faspromise cache-miss
473 silly fetch manifest @protobufjs/base64@^1.1.2
474 silly packumentCache full:https://registry.npmjs.org/@protobufjs%2fbase64 cache-miss
475 silly fetch manifest @protobufjs/codegen@^2.0.5
476 silly packumentCache full:https://registry.npmjs.org/@protobufjs%2fcodegen cache-miss
477 silly fetch manifest @protobufjs/eventemitter@^1.1.0
478 silly packumentCache full:https://registry.npmjs.org/@protobufjs%2feventemitter cache-miss
479 silly fetch manifest @protobufjs/fetch@^1.1.1
480 silly packumentCache full:https://registry.npmjs.org/@protobufjs%2ffetch cache-miss
481 silly fetch manifest @protobufjs/float@^1.0.2
482 silly packumentCache full:https://registry.npmjs.org/@protobufjs%2ffloat cache-miss
483 silly fetch manifest @protobufjs/inquire@^1.1.2
484 silly packumentCache full:https://registry.npmjs.org/@protobufjs%2finquire cache-miss
485 http fetch GET https://registry.npmjs.org/@protobufjs%2feventemitter attempt 1 failed with ENOTFOUND
486 http fetch GET https://registry.npmjs.org/@protobufjs%2fbase64 attempt 1 failed with ENOTFOUND
487 http fetch GET https://registry.npmjs.org/@protobufjs%2fcodegen attempt 1 failed with ENOTFOUND
488 http fetch GET https://registry.npmjs.org/@protobufjs%2ffloat attempt 1 failed with ENOTFOUND
489 http fetch GET https://registry.npmjs.org/@protobufjs%2ffetch attempt 1 failed with ENOTFOUND
490 http fetch GET https://registry.npmjs.org/@protobufjs%2faspromise attempt 1 failed with ENOTFOUND
491 http fetch GET https://registry.npmjs.org/@protobufjs%2finquire attempt 1 failed with ENOTFOUND
492 http fetch GET https://registry.npmjs.org/@protobufjs%2feventemitter attempt 2 failed with ENOTFOUND
493 http fetch GET https://registry.npmjs.org/@protobufjs%2fbase64 attempt 2 failed with ENOTFOUND
494 http fetch GET https://registry.npmjs.org/@protobufjs%2fcodegen attempt 2 failed with ENOTFOUND
495 http fetch GET https://registry.npmjs.org/@protobufjs%2ffloat attempt 2 failed with ENOTFOUND
496 http fetch GET https://registry.npmjs.org/@protobufjs%2ffetch attempt 2 failed with ENOTFOUND
497 http fetch GET https://registry.npmjs.org/@protobufjs%2faspromise attempt 2 failed with ENOTFOUND
498 http fetch GET https://registry.npmjs.org/@protobufjs%2finquire attempt 2 failed with ENOTFOUND
499 http fetch GET https://registry.npmjs.org/@protobufjs%2feventemitter attempt 3 failed with ENOTFOUND
500 http fetch GET https://registry.npmjs.org/@protobufjs%2fbase64 attempt 3 failed with ENOTFOUND
501 http fetch GET https://registry.npmjs.org/@protobufjs%2fcodegen attempt 3 failed with ENOTFOUND
502 http fetch GET https://registry.npmjs.org/@protobufjs%2ffloat attempt 3 failed with ENOTFOUND
503 http fetch GET https://registry.npmjs.org/@protobufjs%2ffetch attempt 3 failed with ENOTFOUND
504 http fetch GET https://registry.npmjs.org/@protobufjs%2faspromise attempt 3 failed with ENOTFOUND
505 http fetch GET https://registry.npmjs.org/@protobufjs%2finquire attempt 3 failed with ENOTFOUND
506 http fetch GET 200 https://registry.npmjs.org/@protobufjs%2feventemitter 3151650ms (cache stale)
507 silly packumentCache full:https://registry.npmjs.org/@protobufjs%2feventemitter set size:11306 disposed:false
508 silly fetch manifest @protobufjs/path@^1.1.2
509 silly packumentCache full:https://registry.npmjs.org/@protobufjs%2fpath cache-miss
510 http fetch GET 200 https://registry.npmjs.org/@protobufjs%2ffloat 3151667ms (cache stale)
511 silly packumentCache full:https://registry.npmjs.org/@protobufjs%2ffloat set size:9957 disposed:false
512 silly fetch manifest @protobufjs/pool@^1.1.0
513 silly packumentCache full:https://registry.npmjs.org/@protobufjs%2fpool cache-miss
514 http fetch GET 200 https://registry.npmjs.org/@protobufjs%2fbase64 3151690ms (cache stale)
515 silly packumentCache full:https://registry.npmjs.org/@protobufjs%2fbase64 set size:14176 disposed:false
516 silly fetch manifest @protobufjs/utf8@^1.1.1
517 silly packumentCache full:https://registry.npmjs.org/@protobufjs%2futf8 cache-miss
518 http fetch GET 200 https://registry.npmjs.org/@protobufjs%2ffetch 3151689ms (cache stale)
519 silly packumentCache full:https://registry.npmjs.org/@protobufjs%2ffetch set size:12023 disposed:false
520 silly fetch manifest y18n@^5.0.5
521 silly packumentCache full:https://registry.npmjs.org/y18n cache-miss
522 http fetch GET 200 https://registry.npmjs.org/@protobufjs%2fcodegen 3151705ms (cache stale)
523 silly packumentCache full:https://registry.npmjs.org/@protobufjs%2fcodegen set size:23820 disposed:false
524 silly fetch manifest cliui@^8.0.1
525 silly packumentCache full:https://registry.npmjs.org/cliui cache-miss
526 http fetch GET 200 https://registry.npmjs.org/@protobufjs%2faspromise 3151726ms (cache stale)
527 silly packumentCache full:https://registry.npmjs.org/@protobufjs%2faspromise set size:11438 disposed:false
528 silly fetch manifest escalade@^3.1.1
529 silly packumentCache full:https://registry.npmjs.org/escalade cache-miss
530 http fetch GET 200 https://registry.npmjs.org/@protobufjs%2finquire 3151733ms (cache stale)
531 silly packumentCache full:https://registry.npmjs.org/@protobufjs%2finquire set size:10538 disposed:false
532 silly fetch manifest string-width@^4.2.3
533 silly packumentCache full:https://registry.npmjs.org/string-width cache-miss
534 http fetch GET https://registry.npmjs.org/@protobufjs%2fpool attempt 1 failed with ENOTFOUND
535 http fetch GET https://registry.npmjs.org/@protobufjs%2fpath attempt 1 failed with ENOTFOUND
536 http fetch GET https://registry.npmjs.org/@protobufjs%2futf8 attempt 1 failed with ENOTFOUND
537 http fetch GET https://registry.npmjs.org/y18n attempt 1 failed with ENOTFOUND
538 http fetch GET https://registry.npmjs.org/cliui attempt 1 failed with ENOTFOUND
539 http fetch GET https://registry.npmjs.org/string-width attempt 1 failed with ENOTFOUND
540 http fetch GET https://registry.npmjs.org/escalade attempt 1 failed with ENOTFOUND
541 http fetch GET https://registry.npmjs.org/@protobufjs%2fpool attempt 2 failed with ENOTFOUND
542 http fetch GET https://registry.npmjs.org/@protobufjs%2fpath attempt 2 failed with ENOTFOUND
543 http fetch GET https://registry.npmjs.org/@protobufjs%2futf8 attempt 2 failed with ENOTFOUND
544 http fetch GET https://registry.npmjs.org/y18n attempt 2 failed with ENOTFOUND
545 http fetch GET https://registry.npmjs.org/cliui attempt 2 failed with ENOTFOUND
546 http fetch GET https://registry.npmjs.org/string-width attempt 2 failed with ENOTFOUND
547 http fetch GET https://registry.npmjs.org/escalade attempt 2 failed with ENOTFOUND
548 http fetch GET https://registry.npmjs.org/@protobufjs%2fpool attempt 3 failed with ENOTFOUND
549 http fetch GET https://registry.npmjs.org/@protobufjs%2fpath attempt 3 failed with ENOTFOUND
550 http fetch GET https://registry.npmjs.org/@protobufjs%2futf8 attempt 3 failed with ENOTFOUND
551 http fetch GET https://registry.npmjs.org/y18n attempt 3 failed with ENOTFOUND
552 http fetch GET https://registry.npmjs.org/cliui attempt 3 failed with ENOTFOUND
553 http fetch GET https://registry.npmjs.org/string-width attempt 3 failed with ENOTFOUND
554 http fetch GET https://registry.npmjs.org/escalade attempt 3 failed with ENOTFOUND
555 http fetch GET 200 https://registry.npmjs.org/@protobufjs%2fpath 1855830ms (cache stale)
556 silly packumentCache full:https://registry.npmjs.org/@protobufjs%2fpath set size:10241 disposed:false
557 silly fetch manifest yargs-parser@^21.1.1
558 silly packumentCache full:https://registry.npmjs.org/yargs-parser cache-miss
559 http fetch GET 200 https://registry.npmjs.org/@protobufjs%2fpool 1855891ms (cache stale)
560 silly packumentCache full:https://registry.npmjs.org/@protobufjs%2fpool set size:10727 disposed:false
561 silly fetch manifest get-caller-file@^2.0.5
562 silly packumentCache full:https://registry.npmjs.org/get-caller-file cache-miss
563 http fetch GET 200 https://registry.npmjs.org/@protobufjs%2futf8 1855905ms (cache stale)
564 silly packumentCache full:https://registry.npmjs.org/@protobufjs%2futf8 set size:15634 disposed:false
565 silly fetch manifest require-directory@^2.1.1
566 silly packumentCache full:https://registry.npmjs.org/require-directory cache-miss
567 http fetch GET 200 https://registry.npmjs.org/y18n 1855920ms (cache stale)
568 silly packumentCache full:https://registry.npmjs.org/y18n set size:76155 disposed:false
569 http fetch GET 200 https://registry.npmjs.org/string-width 1855896ms (cache stale)
570 silly packumentCache full:https://registry.npmjs.org/string-width set size:70381 disposed:false
571 http fetch GET 200 https://registry.npmjs.org/cliui 1855956ms (cache stale)
572 silly packumentCache full:https://registry.npmjs.org/cliui set size:69089 disposed:false
573 http fetch GET 200 https://registry.npmjs.org/escalade 1855965ms (cache stale)
574 silly packumentCache full:https://registry.npmjs.org/escalade set size:33724 disposed:false
575 http fetch GET https://registry.npmjs.org/require-directory attempt 1 failed with ENOTFOUND
576 http fetch GET https://registry.npmjs.org/yargs-parser attempt 1 failed with ENOTFOUND
577 http fetch GET https://registry.npmjs.org/get-caller-file attempt 1 failed with ENOTFOUND
578 http fetch GET https://registry.npmjs.org/require-directory attempt 2 failed with ENOTFOUND
579 http fetch GET https://registry.npmjs.org/yargs-parser attempt 2 failed with ENOTFOUND
580 http fetch GET https://registry.npmjs.org/get-caller-file attempt 2 failed with ENOTFOUND
581 http fetch GET https://registry.npmjs.org/require-directory attempt 3 failed with ENOTFOUND
582 http fetch GET 200 https://registry.npmjs.org/require-directory 7815389ms (cache stale)
583 silly packumentCache full:https://registry.npmjs.org/require-directory set size:26866 disposed:false
584 http fetch GET https://registry.npmjs.org/yargs-parser attempt 3 failed with ENOTFOUND
585 http fetch GET 200 https://registry.npmjs.org/yargs-parser 7815665ms (cache stale)
586 silly packumentCache full:https://registry.npmjs.org/yargs-parser set size:238630 disposed:false
587 http fetch GET https://registry.npmjs.org/get-caller-file attempt 3 failed with ENOTFOUND
588 http fetch GET 200 https://registry.npmjs.org/get-caller-file 7815777ms (cache stale)
589 silly packumentCache full:https://registry.npmjs.org/get-caller-file set size:26456 disposed:false
590 silly placeDep ROOT undici-types@7.24.6 OK for: @types/node@25.9.0 want: >=7.24.0 <7.24.7
591 silly placeDep ROOT websocket-driver@0.7.4 OK for: faye-websocket@0.11.4 want: >=0.5.1
592 silly fetch manifest http-parser-js@>=0.5.1
593 silly packumentCache full:https://registry.npmjs.org/http-parser-js cache-miss
594 silly fetch manifest safe-buffer@>=5.1.0
595 silly packumentCache full:https://registry.npmjs.org/safe-buffer cache-miss
596 silly fetch manifest websocket-extensions@>=0.1.1
597 silly packumentCache full:https://registry.npmjs.org/websocket-extensions cache-miss
598 http fetch GET https://registry.npmjs.org/websocket-extensions attempt 1 failed with ENOTFOUND
599 http fetch GET https://registry.npmjs.org/http-parser-js attempt 1 failed with ENOTFOUND
600 http fetch GET https://registry.npmjs.org/safe-buffer attempt 1 failed with ENOTFOUND
601 http fetch GET https://registry.npmjs.org/websocket-extensions attempt 2 failed with ENOTFOUND
602 http fetch GET https://registry.npmjs.org/http-parser-js attempt 2 failed with ENOTFOUND
603 http fetch GET https://registry.npmjs.org/safe-buffer attempt 2 failed with ENOTFOUND
604 http fetch GET https://registry.npmjs.org/websocket-extensions attempt 3 failed with ENOTFOUND
605 http fetch GET https://registry.npmjs.org/http-parser-js attempt 3 failed with ENOTFOUND
606 http fetch GET https://registry.npmjs.org/safe-buffer attempt 3 failed with ENOTFOUND
607 http fetch GET 200 https://registry.npmjs.org/websocket-extensions 70260ms (cache stale)
608 silly packumentCache full:https://registry.npmjs.org/websocket-extensions set size:22792 disposed:false
609 http fetch GET 200 https://registry.npmjs.org/http-parser-js 70289ms (cache stale)
610 silly packumentCache full:https://registry.npmjs.org/http-parser-js set size:68161 disposed:false
611 http fetch GET 200 https://registry.npmjs.org/safe-buffer 70295ms (cache stale)
612 silly packumentCache full:https://registry.npmjs.org/safe-buffer set size:41183 disposed:false
613 silly placeDep ROOT @protobufjs/aspromise@1.1.2 OK for: protobufjs@7.6.0 want: ^1.1.2
614 silly placeDep ROOT @protobufjs/base64@1.1.2 OK for: protobufjs@7.6.0 want: ^1.1.2
615 silly placeDep ROOT @protobufjs/codegen@2.0.5 OK for: protobufjs@7.6.0 want: ^2.0.5
616 silly placeDep ROOT @protobufjs/eventemitter@1.1.0 OK for: protobufjs@7.6.0 want: ^1.1.0
617 silly placeDep ROOT @protobufjs/fetch@1.1.1 OK for: protobufjs@7.6.0 want: ^1.1.1
618 silly placeDep ROOT @protobufjs/float@1.0.2 OK for: protobufjs@7.6.0 want: ^1.0.2
619 silly placeDep ROOT @protobufjs/inquire@1.1.2 OK for: protobufjs@7.6.0 want: ^1.1.2
620 silly placeDep ROOT @protobufjs/path@1.1.2 OK for: protobufjs@7.6.0 want: ^1.1.2
621 silly placeDep ROOT @protobufjs/pool@1.1.0 OK for: protobufjs@7.6.0 want: ^1.1.0
622 silly placeDep ROOT @protobufjs/utf8@1.1.1 OK for: protobufjs@7.6.0 want: ^1.1.1
623 silly placeDep ROOT http-parser-js@0.5.10 OK for: websocket-driver@0.7.4 want: >=0.5.1
624 silly placeDep ROOT safe-buffer@5.2.1 OK for: websocket-driver@0.7.4 want: >=5.1.0
625 silly placeDep ROOT websocket-extensions@0.1.4 OK for: websocket-driver@0.7.4 want: >=0.1.1
626 silly placeDep ROOT cliui@8.0.1 OK for: yargs@17.7.2 want: ^8.0.1
627 silly placeDep ROOT escalade@3.2.0 OK for: yargs@17.7.2 want: ^3.1.1
628 silly placeDep ROOT get-caller-file@2.0.5 OK for: yargs@17.7.2 want: ^2.0.5
629 silly placeDep ROOT require-directory@2.1.1 OK for: yargs@17.7.2 want: ^2.1.1
630 silly placeDep ROOT string-width@4.2.3 OK for: yargs@17.7.2 want: ^4.2.3
631 silly placeDep ROOT y18n@5.0.8 OK for: yargs@17.7.2 want: ^5.0.5
632 silly placeDep ROOT yargs-parser@21.1.1 OK for: yargs@17.7.2 want: ^21.1.1
633 silly fetch manifest wrap-ansi@^7.0.0
634 silly packumentCache full:https://registry.npmjs.org/wrap-ansi cache-miss
635 silly fetch manifest strip-ansi@^6.0.1
636 silly packumentCache full:https://registry.npmjs.org/strip-ansi cache-miss
637 silly fetch manifest string-width@^4.2.0
638 silly packumentCache full:https://registry.npmjs.org/string-width cache-hit
639 silly fetch manifest strip-ansi@^6.0.1
640 silly packumentCache full:https://registry.npmjs.org/strip-ansi cache-miss
641 silly fetch manifest emoji-regex@^8.0.0
642 silly packumentCache full:https://registry.npmjs.org/emoji-regex cache-miss
643 silly fetch manifest is-fullwidth-code-point@^3.0.0
644 silly packumentCache full:https://registry.npmjs.org/is-fullwidth-code-point cache-miss
645 http fetch GET https://registry.npmjs.org/strip-ansi attempt 1 failed with ENOTFOUND
646 http fetch GET https://registry.npmjs.org/strip-ansi attempt 1 failed with ENOTFOUND
647 http fetch GET https://registry.npmjs.org/is-fullwidth-code-point attempt 1 failed with ENOTFOUND
648 http fetch GET https://registry.npmjs.org/wrap-ansi attempt 1 failed with ENOTFOUND
649 http fetch GET https://registry.npmjs.org/emoji-regex attempt 1 failed with ENOTFOUND
650 http fetch GET https://registry.npmjs.org/strip-ansi attempt 2 failed with ENOTFOUND
651 http fetch GET https://registry.npmjs.org/strip-ansi attempt 2 failed with ENOTFOUND
652 http fetch GET https://registry.npmjs.org/is-fullwidth-code-point attempt 2 failed with ENOTFOUND
653 http fetch GET https://registry.npmjs.org/wrap-ansi attempt 2 failed with ENOTFOUND
654 http fetch GET https://registry.npmjs.org/emoji-regex attempt 2 failed with ENOTFOUND
655 http fetch GET https://registry.npmjs.org/strip-ansi attempt 3 failed with ENOTFOUND
656 http fetch GET https://registry.npmjs.org/strip-ansi attempt 3 failed with ENOTFOUND
657 http fetch GET https://registry.npmjs.org/is-fullwidth-code-point attempt 3 failed with ENOTFOUND
658 http fetch GET https://registry.npmjs.org/wrap-ansi attempt 3 failed with ENOTFOUND
659 http fetch GET https://registry.npmjs.org/emoji-regex attempt 3 failed with ENOTFOUND
660 http fetch GET 200 https://registry.npmjs.org/strip-ansi 70233ms (cache stale)
661 silly packumentCache full:https://registry.npmjs.org/strip-ansi set size:44998 disposed:false
662 http fetch GET 200 https://registry.npmjs.org/strip-ansi 70264ms (cache stale)
663 silly packumentCache full:https://registry.npmjs.org/strip-ansi set size:44998 disposed:false
664 silly packumentCache full:https://registry.npmjs.org/strip-ansi dispose
665 http fetch GET 200 https://registry.npmjs.org/is-fullwidth-code-point 70254ms (cache stale)
666 silly packumentCache full:https://registry.npmjs.org/is-fullwidth-code-point set size:14578 disposed:false
667 http fetch GET 200 https://registry.npmjs.org/wrap-ansi 70289ms (cache stale)
668 silly packumentCache full:https://registry.npmjs.org/wrap-ansi set size:55299 disposed:false
669 http fetch GET 200 https://registry.npmjs.org/emoji-regex 70280ms (cache stale)
670 silly packumentCache full:https://registry.npmjs.org/emoji-regex set size:89064 disposed:false
671 silly placeDep ROOT strip-ansi@6.0.1 OK for: cliui@8.0.1 want: ^6.0.1
672 silly placeDep ROOT wrap-ansi@7.0.0 OK for: cliui@8.0.1 want: ^7.0.0
673 silly fetch manifest ansi-regex@^5.0.1
674 silly packumentCache full:https://registry.npmjs.org/ansi-regex cache-miss
675 silly fetch manifest ansi-styles@^4.0.0
676 silly packumentCache full:https://registry.npmjs.org/ansi-styles cache-miss
677 http fetch GET https://registry.npmjs.org/ansi-regex attempt 1 failed with ENOTFOUND
678 http fetch GET https://registry.npmjs.org/ansi-styles attempt 1 failed with ENOTFOUND
679 http fetch GET https://registry.npmjs.org/ansi-regex attempt 2 failed with ENOTFOUND
680 http fetch GET https://registry.npmjs.org/ansi-styles attempt 2 failed with ENOTFOUND
681 http fetch GET https://registry.npmjs.org/ansi-regex attempt 3 failed with ENOTFOUND
682 http fetch GET https://registry.npmjs.org/ansi-styles attempt 3 failed with ENOTFOUND
683 http fetch GET 200 https://registry.npmjs.org/ansi-regex 70141ms (cache stale)
684 silly packumentCache full:https://registry.npmjs.org/ansi-regex set size:43572 disposed:false
685 http fetch GET 200 https://registry.npmjs.org/ansi-styles 70160ms (cache stale)
686 silly packumentCache full:https://registry.npmjs.org/ansi-styles set size:63233 disposed:false
687 silly placeDep ROOT emoji-regex@8.0.0 OK for: string-width@4.2.3 want: ^8.0.0
688 silly placeDep ROOT is-fullwidth-code-point@3.0.0 OK for: string-width@4.2.3 want: ^3.0.0
689 silly placeDep ROOT ansi-regex@5.0.1 OK for: strip-ansi@6.0.1 want: ^5.0.1
690 silly placeDep ROOT ansi-styles@4.3.0 OK for: wrap-ansi@7.0.0 want: ^4.0.0
691 silly fetch manifest color-convert@^2.0.1
692 silly packumentCache full:https://registry.npmjs.org/color-convert cache-miss
693 http fetch GET https://registry.npmjs.org/color-convert attempt 1 failed with ENOTFOUND
694 http fetch GET https://registry.npmjs.org/color-convert attempt 2 failed with ENOTFOUND
695 http fetch GET https://registry.npmjs.org/color-convert attempt 3 failed with ENOTFOUND
696 http fetch GET 200 https://registry.npmjs.org/color-convert 70085ms (cache stale)
697 silly packumentCache full:https://registry.npmjs.org/color-convert set size:72663 disposed:false
698 silly placeDep ROOT color-convert@2.0.1 OK for: ansi-styles@4.3.0 want: ^2.0.1
699 silly fetch manifest color-name@~1.1.4
700 silly packumentCache full:https://registry.npmjs.org/color-name cache-miss
701 http fetch GET https://registry.npmjs.org/color-name attempt 1 failed with ENOTFOUND
702 http fetch GET https://registry.npmjs.org/color-name attempt 2 failed with ENOTFOUND
703 http fetch GET https://registry.npmjs.org/color-name attempt 3 failed with ENOTFOUND
704 http fetch GET 200 https://registry.npmjs.org/color-name 70094ms (cache stale)
705 silly packumentCache full:https://registry.npmjs.org/color-name set size:19467 disposed:false
706 silly placeDep ROOT color-name@1.1.4 OK for: color-convert@2.0.1 want: ~1.1.4
707 silly reify mark retired [ '/data/data/com.termux/files/home/node_modules/@firebase/auth' ]
708 silly reify mark retired [ '/data/data/com.termux/files/home/node_modules/@firebase/database' ]
709 silly reify mark retired [ '/data/data/com.termux/files/home/node_modules/@firebase/firestore' ]
710 silly reify mark retired [ '/data/data/com.termux/files/home/node_modules/ansi-styles' ]
711 silly reify mark retired [ '/data/data/com.termux/files/home/node_modules/color-name' ]
712 silly reify mark retired [ '/data/data/com.termux/files/home/node_modules/cliui' ]
713 silly reify mark retired [ '/data/data/com.termux/files/home/node_modules/color-convert' ]
714 silly reify mark retired [ '/data/data/com.termux/files/home/node_modules/cors' ]
715 silly reify mark retired [ '/data/data/com.termux/files/home/node_modules/emoji-regex' ]
716 silly reify mark retired [ '/data/data/com.termux/files/home/node_modules/ansi-regex' ]
717 silly reify mark retired [ '/data/data/com.termux/files/home/node_modules/firebase' ]
718 silly reify mark retired [ '/data/data/com.termux/files/home/node_modules/faye-websocket' ]
719 silly reify mark retired [ '/data/data/com.termux/files/home/node_modules/get-caller-file' ]
720 silly reify mark retired [ '/data/data/com.termux/files/home/node_modules/escalade' ]
721 silly reify mark retired [ '/data/data/com.termux/files/home/node_modules/idb' ]
722 silly reify mark retired [ '/data/data/com.termux/files/home/node_modules/http-parser-js' ]
723 silly reify mark retired [
723 silly reify   '/data/data/com.termux/files/home/node_modules/is-fullwidth-code-point'
723 silly reify ]
724 silly reify mark retired [ '/data/data/com.termux/files/home/node_modules/long' ]
725 silly reify mark retired [ '/data/data/com.termux/files/home/node_modules/lodash.camelcase' ]
726 silly reify mark retired [ '/data/data/com.termux/files/home/node_modules/object-assign' ]
727 silly reify mark retired [ '/data/data/com.termux/files/home/node_modules/protobufjs' ]
728 silly reify mark retired [ '/data/data/com.termux/files/home/node_modules/require-directory' ]
729 silly reify mark retired [ '/data/data/com.termux/files/home/node_modules/safe-buffer' ]
730 silly reify mark retired [ '/data/data/com.termux/files/home/node_modules/string-width' ]
731 silly reify mark retired [ '/data/data/com.termux/files/home/node_modules/strip-ansi' ]
732 silly reify mark retired [ '/data/data/com.termux/files/home/node_modules/tslib' ]
733 silly reify mark retired [ '/data/data/com.termux/files/home/node_modules/undici-types' ]
734 silly reify mark retired [ '/data/data/com.termux/files/home/node_modules/web-vitals' ]
735 silly reify mark retired [ '/data/data/com.termux/files/home/node_modules/websocket-driver' ]
736 silly reify mark retired [ '/data/data/com.termux/files/home/node_modules/y18n' ]
737 silly reify mark retired [ '/data/data/com.termux/files/home/node_modules/wrap-ansi' ]
738 silly reify mark retired [ '/data/data/com.termux/files/home/node_modules/@firebase/ai' ]
739 silly reify mark retired [ '/data/data/com.termux/files/home/node_modules/yargs' ]
740 silly reify mark retired [
740 silly reify   '/data/data/com.termux/files/home/node_modules/websocket-extensions'
740 silly reify ]
741 silly reify mark retired [ '/data/data/com.termux/files/home/node_modules/@firebase/analytics' ]
742 silly reify mark retired [ '/data/data/com.termux/files/home/node_modules/yargs-parser' ]
743 silly reify mark retired [ '/data/data/com.termux/files/home/node_modules/@firebase/app-check' ]
744 silly reify mark retired [
744 silly reify   '/data/data/com.termux/files/home/node_modules/@firebase/analytics-types'
744 silly reify ]
745 silly reify mark retired [
745 silly reify   '/data/data/com.termux/files/home/node_modules/@firebase/analytics-compat'
745 silly reify ]
746 silly reify mark retired [
746 silly reify   '/data/data/com.termux/files/home/node_modules/@firebase/app-check-interop-types'
746 silly reify ]
747 silly reify mark retired [ '/data/data/com.termux/files/home/node_modules/@firebase/app-types' ]
748 silly reify mark retired [
748 silly reify   '/data/data/com.termux/files/home/node_modules/@firebase/app-check-types'
748 silly reify ]
749 silly reify mark retired [
749 silly reify   '/data/data/com.termux/files/home/node_modules/@firebase/data-connect'
749 silly reify ]
750 silly reify mark retired [ '/data/data/com.termux/files/home/node_modules/@firebase/app' ]
751 silly reify mark retired [
751 silly reify   '/data/data/com.termux/files/home/node_modules/@firebase/app-check-compat'
751 silly reify ]
752 silly reify mark retired [
752 silly reify   '/data/data/com.termux/files/home/node_modules/@firebase/app-compat'
752 silly reify ]
753 silly reify mark retired [ '/data/data/com.termux/files/home/node_modules/@firebase/component' ]
754 silly reify mark retired [
754 silly reify   '/data/data/com.termux/files/home/node_modules/@firebase/auth-compat'
754 silly reify ]
755 silly reify mark retired [
755 silly reify   '/data/data/com.termux/files/home/node_modules/@firebase/auth-interop-types'
755 silly reify ]
756 silly reify mark retired [
756 silly reify   '/data/data/com.termux/files/home/node_modules/@firebase/auth-types'
756 silly reify ]
757 silly reify mark retired [
757 silly reify   '/data/data/com.termux/files/home/node_modules/@firebase/database-compat'
757 silly reify ]
758 silly reify mark retired [
758 silly reify   '/data/data/com.termux/files/home/node_modules/@firebase/database-types'
758 silly reify ]
759 silly reify mark retired [
759 silly reify   '/data/data/com.termux/files/home/node_modules/@firebase/firestore-types'
759 silly reify ]
760 silly reify mark retired [
760 silly reify   '/data/data/com.termux/files/home/node_modules/@firebase/firestore-compat'
760 silly reify ]
761 silly reify mark retired [
761 silly reify   '/data/data/com.termux/files/home/node_modules/@firebase/installations'
761 silly reify ]
762 silly reify mark retired [ '/data/data/com.termux/files/home/node_modules/@firebase/functions' ]
763 silly reify mark retired [
763 silly reify   '/data/data/com.termux/files/home/node_modules/@firebase/functions-types'
763 silly reify ]
764 silly reify mark retired [
764 silly reify   '/data/data/com.termux/files/home/node_modules/@firebase/functions-compat'
764 silly reify ]
765 silly reify mark retired [
765 silly reify   '/data/data/com.termux/files/home/node_modules/@firebase/installations-types'
765 silly reify ]
766 silly reify mark retired [
766 silly reify   '/data/data/com.termux/files/home/node_modules/@firebase/installations-compat'
766 silly reify ]
767 silly reify mark retired [
767 silly reify   '/data/data/com.termux/files/home/node_modules/@firebase/messaging-compat'
767 silly reify ]
768 silly reify mark retired [ '/data/data/com.termux/files/home/node_modules/@firebase/logger' ]
769 silly reify mark retired [
769 silly reify   '/data/data/com.termux/files/home/node_modules/@firebase/performance'
769 silly reify ]
770 silly reify mark retired [
770 silly reify   '/data/data/com.termux/files/home/node_modules/@firebase/messaging-interop-types'
770 silly reify ]
771 silly reify mark retired [
771 silly reify   '/data/data/com.termux/files/home/node_modules/@firebase/remote-config'
771 silly reify ]
772 silly reify mark retired [
772 silly reify   '/data/data/com.termux/files/home/node_modules/@firebase/performance-types'
772 silly reify ]
773 silly reify mark retired [
773 silly reify   '/data/data/com.termux/files/home/node_modules/@firebase/remote-config-compat'
773 silly reify ]
774 silly reify mark retired [
774 silly reify   '/data/data/com.termux/files/home/node_modules/@firebase/remote-config-types'
774 silly reify ]
775 silly reify mark retired [ '/data/data/com.termux/files/home/node_modules/@firebase/storage' ]
776 silly reify mark retired [ '/data/data/com.termux/files/home/node_modules/@firebase/messaging' ]
777 silly reify mark retired [
777 silly reify   '/data/data/com.termux/files/home/node_modules/@firebase/storage-types'
777 silly reify ]
778 silly reify mark retired [
778 silly reify   '/data/data/com.termux/files/home/node_modules/@firebase/storage-compat'
778 silly reify ]
779 silly reify mark retired [ '/data/data/com.termux/files/home/node_modules/@firebase/util' ]
780 silly reify mark retired [ '/data/data/com.termux/files/home/node_modules/@grpc/grpc-js' ]
781 silly reify mark retired [
781 silly reify   '/data/data/com.termux/files/home/node_modules/@firebase/webchannel-wrapper'
781 silly reify ]
782 silly reify mark retired [ '/data/data/com.termux/files/home/node_modules/@protobufjs/codegen' ]
783 silly reify mark retired [
783 silly reify   '/data/data/com.termux/files/home/node_modules/@grpc/proto-loader',
783 silly reify   '/data/data/com.termux/files/home/node_modules/.bin/proto-loader-gen-types'
783 silly reify ]
784 silly reify mark retired [
784 silly reify   '/data/data/com.termux/files/home/node_modules/@protobufjs/eventemitter'
784 silly reify ]
785 silly reify mark retired [
785 silly reify   '/data/data/com.termux/files/home/node_modules/@protobufjs/aspromise'
785 silly reify ]
786 silly reify mark retired [ '/data/data/com.termux/files/home/node_modules/@protobufjs/base64' ]
787 silly reify mark retired [ '/data/data/com.termux/files/home/node_modules/@protobufjs/float' ]
788 silly reify mark retired [ '/data/data/com.termux/files/home/node_modules/@protobufjs/fetch' ]
789 silly reify mark retired [ '/data/data/com.termux/files/home/node_modules/@protobufjs/pool' ]
790 silly reify mark retired [ '/data/data/com.termux/files/home/node_modules/@protobufjs/path' ]
791 silly reify mark retired [
791 silly reify   '/data/data/com.termux/files/home/node_modules/@firebase/performance-compat'
791 silly reify ]
792 silly reify mark retired [ '/data/data/com.termux/files/home/node_modules/@protobufjs/inquire' ]
793 silly reify mark retired [ '/data/data/com.termux/files/home/node_modules/@types/node' ]
794 silly reify mark retired [ '/data/data/com.termux/files/home/node_modules/@protobufjs/utf8' ]
795 silly reify moves {
795 silly reify   '/data/data/com.termux/files/home/node_modules/@firebase/auth': '/data/data/com.termux/files/home/node_modules/@firebase/.auth-WHPxESOS',
795 silly reify   '/data/data/com.termux/files/home/node_modules/@firebase/database': '/data/data/com.termux/files/home/node_modules/@firebase/.database-rQrLAgj5',
795 silly reify   '/data/data/com.termux/files/home/node_modules/@firebase/firestore': '/data/data/com.termux/files/home/node_modules/@firebase/.firestore-MrZU5L2L',
795 silly reify   '/data/data/com.termux/files/home/node_modules/ansi-styles': '/data/data/com.termux/files/home/node_modules/.ansi-styles-RPQb6dFf',
795 silly reify   '/data/data/com.termux/files/home/node_modules/color-name': '/data/data/com.termux/files/home/node_modules/.color-name-KbtdJY8Z',
795 silly reify   '/data/data/com.termux/files/home/node_modules/cliui': '/data/data/com.termux/files/home/node_modules/.cliui-os1roM22',
795 silly reify   '/data/data/com.termux/files/home/node_modules/color-convert': '/data/data/com.termux/files/home/node_modules/.color-convert-8bcE6J64',
795 silly reify   '/data/data/com.termux/files/home/node_modules/cors': '/data/data/com.termux/files/home/node_modules/.cors-hV4UTmlr',
795 silly reify   '/data/data/com.termux/files/home/node_modules/emoji-regex': '/data/data/com.termux/files/home/node_modules/.emoji-regex-39YmuHg0',
795 silly reify   '/data/data/com.termux/files/home/node_modules/ansi-regex': '/data/data/com.termux/files/home/node_modules/.ansi-regex-rtQ4RThi',
795 silly reify   '/data/data/com.termux/files/home/node_modules/firebase': '/data/data/com.termux/files/home/node_modules/.firebase-uts3PbiD',
795 silly reify   '/data/data/com.termux/files/home/node_modules/faye-websocket': '/data/data/com.termux/files/home/node_modules/.faye-websocket-9QkYSLxG',
795 silly reify   '/data/data/com.termux/files/home/node_modules/get-caller-file': '/data/data/com.termux/files/home/node_modules/.get-caller-file-etQa4bjF',
795 silly reify   '/data/data/com.termux/files/home/node_modules/escalade': '/data/data/com.termux/files/home/node_modules/.escalade-5c7tMdxd',
795 silly reify   '/data/data/com.termux/files/home/node_modules/idb': '/data/data/com.termux/files/home/node_modules/.idb-EO9O7eii',
795 silly reify   '/data/data/com.termux/files/home/node_modules/http-parser-js': '/data/data/com.termux/files/home/node_modules/.http-parser-js-dbbARnhh',
795 silly reify   '/data/data/com.termux/files/home/node_modules/is-fullwidth-code-point': '/data/data/com.termux/files/home/node_modules/.is-fullwidth-code-point-Yp4s1AgM',
795 silly reify   '/data/data/com.termux/files/home/node_modules/long': '/data/data/com.termux/files/home/node_modules/.long-bw6e55YX',
795 silly reify   '/data/data/com.termux/files/home/node_modules/lodash.camelcase': '/data/data/com.termux/files/home/node_modules/.lodash.camelcase-9LXkmG8b',
795 silly reify   '/data/data/com.termux/files/home/node_modules/object-assign': '/data/data/com.termux/files/home/node_modules/.object-assign-k2YA3mk1',
795 silly reify   '/data/data/com.termux/files/home/node_modules/protobufjs': '/data/data/com.termux/files/home/node_modules/.protobufjs-KvjIvExl',
795 silly reify   '/data/data/com.termux/files/home/node_modules/require-directory': '/data/data/com.termux/files/home/node_modules/.require-directory-aUlegYeH',
795 silly reify   '/data/data/com.termux/files/home/node_modules/safe-buffer': '/data/data/com.termux/files/home/node_modules/.safe-buffer-9HH6LKLQ',
795 silly reify   '/data/data/com.termux/files/home/node_modules/string-width': '/data/data/com.termux/files/home/node_modules/.string-width-QZtz2YOB',
795 silly reify   '/data/data/com.termux/files/home/node_modules/strip-ansi': '/data/data/com.termux/files/home/node_modules/.strip-ansi-gn4nxCJZ',
795 silly reify   '/data/data/com.termux/files/home/node_modules/tslib': '/data/data/com.termux/files/home/node_modules/.tslib-07hsHQs9',
795 silly reify   '/data/data/com.termux/files/home/node_modules/undici-types': '/data/data/com.termux/files/home/node_modules/.undici-types-OeY8Jtan',
795 silly reify   '/data/data/com.termux/files/home/node_modules/web-vitals': '/data/data/com.termux/files/home/node_modules/.web-vitals-IPdX9jGU',
795 silly reify   '/data/data/com.termux/files/home/node_modules/websocket-driver': '/data/data/com.termux/files/home/node_modules/.websocket-driver-CtyXYZec',
795 silly reify   '/data/data/com.termux/files/home/node_modules/y18n': '/data/data/com.termux/files/home/node_modules/.y18n-QuCjiBLU',
795 silly reify   '/data/data/com.termux/files/home/node_modules/wrap-ansi': '/data/data/com.termux/files/home/node_modules/.wrap-ansi-QiqLhR6I',
795 silly reify   '/data/data/com.termux/files/home/node_modules/@firebase/ai': '/data/data/com.termux/files/home/node_modules/@firebase/.ai-DQE3oR7F',
795 silly reify   '/data/data/com.termux/files/home/node_modules/yargs': '/data/data/com.termux/files/home/node_modules/.yargs-Yqwf57m6',
795 silly reify   '/data/data/com.termux/files/home/node_modules/websocket-extensions': '/data/data/com.termux/files/home/node_modules/.websocket-extensions-dbR3WGXj',
795 silly reify   '/data/data/com.termux/files/home/node_modules/@firebase/analytics': '/data/data/com.termux/files/home/node_modules/@firebase/.analytics-6nqWzw8z',
795 silly reify   '/data/data/com.termux/files/home/node_modules/yargs-parser': '/data/data/com.termux/files/home/node_modules/.yargs-parser-DIkpohOm',
795 silly reify   '/data/data/com.termux/files/home/node_modules/@firebase/app-check': '/data/data/com.termux/files/home/node_modules/@firebase/.app-check-yZD6wFXu',
795 silly reify   '/data/data/com.termux/files/home/node_modules/@firebase/analytics-types': '/data/data/com.termux/files/home/node_modules/@firebase/.analytics-types-uUIX8gTO',
795 silly reify   '/data/data/com.termux/files/home/node_modules/@firebase/analytics-compat': '/data/data/com.termux/files/home/node_modules/@firebase/.analytics-compat-O2JY29Bp',
795 silly reify   '/data/data/com.termux/files/home/node_modules/@firebase/app-check-interop-types': '/data/data/com.termux/files/home/node_modules/@firebase/.app-check-interop-types-8dJvTu27',
795 silly reify   '/data/data/com.termux/files/home/node_modules/@firebase/app-types': '/data/data/com.termux/files/home/node_modules/@firebase/.app-types-HtOyQ2J7',
795 silly reify   '/data/data/com.termux/files/home/node_modules/@firebase/app-check-types': '/data/data/com.termux/files/home/node_modules/@firebase/.app-check-types-7mmN7i9x',
795 silly reify   '/data/data/com.termux/files/home/node_modules/@firebase/data-connect': '/data/data/com.termux/files/home/node_modules/@firebase/.data-connect-YLnMTs7b',
795 silly reify   '/data/data/com.termux/files/home/node_modules/@firebase/app': '/data/data/com.termux/files/home/node_modules/@firebase/.app-BaV1aEUR',
795 silly reify   '/data/data/com.termux/files/home/node_modules/@firebase/app-check-compat': '/data/data/com.termux/files/home/node_modules/@firebase/.app-check-compat-acPrW9m1',
795 silly reify   '/data/data/com.termux/files/home/node_modules/@firebase/app-compat': '/data/data/com.termux/files/home/node_modules/@firebase/.app-compat-2naVxZUG',
795 silly reify   '/data/data/com.termux/files/home/node_modules/@firebase/component': '/data/data/com.termux/files/home/node_modules/@firebase/.component-YfB7XArv',
795 silly reify   '/data/data/com.termux/files/home/node_modules/@firebase/auth-compat': '/data/data/com.termux/files/home/node_modules/@firebase/.auth-compat-FuHwKJd8',
795 silly reify   '/data/data/com.termux/files/home/node_modules/@firebase/auth-interop-types': '/data/data/com.termux/files/home/node_modules/@firebase/.auth-interop-types-p8DOoIeH',
795 silly reify   '/data/data/com.termux/files/home/node_modules/@firebase/auth-types': '/data/data/com.termux/files/home/node_modules/@firebase/.auth-types-zLFsa2n4',
795 silly reify   '/data/data/com.termux/files/home/node_modules/@firebase/database-compat': '/data/data/com.termux/files/home/node_modules/@firebase/.database-compat-h51QQ0tY',
795 silly reify   '/data/data/com.termux/files/home/node_modules/@firebase/database-types': '/data/data/com.termux/files/home/node_modules/@firebase/.database-types-5r5ge4cN',
795 silly reify   '/data/data/com.termux/files/home/node_modules/@firebase/firestore-types': '/data/data/com.termux/files/home/node_modules/@firebase/.firestore-types-m3XuZ4r4',
795 silly reify   '/data/data/com.termux/files/home/node_modules/@firebase/firestore-compat': '/data/data/com.termux/files/home/node_modules/@firebase/.firestore-compat-iGP03NjM',
795 silly reify   '/data/data/com.termux/files/home/node_modules/@firebase/installations': '/data/data/com.termux/files/home/node_modules/@firebase/.installations-1f7TnlhZ',
795 silly reify   '/data/data/com.termux/files/home/node_modules/@firebase/functions': '/data/data/com.termux/files/home/node_modules/@firebase/.functions-ymvs5UUe',
795 silly reify   '/data/data/com.termux/files/home/node_modules/@firebase/functions-types': '/data/data/com.termux/files/home/node_modules/@firebase/.functions-types-xXnKJYmt',
795 silly reify   '/data/data/com.termux/files/home/node_modules/@firebase/functions-compat': '/data/data/com.termux/files/home/node_modules/@firebase/.functions-compat-1s8JL2zp',
795 silly reify   '/data/data/com.termux/files/home/node_modules/@firebase/installations-types': '/data/data/com.termux/files/home/node_modules/@firebase/.installations-types-QZ1TbDCt',
795 silly reify   '/data/data/com.termux/files/home/node_modules/@firebase/installations-compat': '/data/data/com.termux/files/home/node_modules/@firebase/.installations-compat-F3jsYL5k',
795 silly reify   '/data/data/com.termux/files/home/node_modules/@firebase/messaging-compat': '/data/data/com.termux/files/home/node_modules/@firebase/.messaging-compat-yKGM1Fdq',
795 silly reify   '/data/data/com.termux/files/home/node_modules/@firebase/logger': '/data/data/com.termux/files/home/node_modules/@firebase/.logger-zmv9frQr',
795 silly reify   '/data/data/com.termux/files/home/node_modules/@firebase/performance': '/data/data/com.termux/files/home/node_modules/@firebase/.performance-S6f0qTc6',
795 silly reify   '/data/data/com.termux/files/home/node_modules/@firebase/messaging-interop-types': '/data/data/com.termux/files/home/node_modules/@firebase/.messaging-interop-types-mQV72E8U',
795 silly reify   '/data/data/com.termux/files/home/node_modules/@firebase/remote-config': '/data/data/com.termux/files/home/node_modules/@firebase/.remote-config-fzLqqURT',
795 silly reify   '/data/data/com.termux/files/home/node_modules/@firebase/performance-types': '/data/data/com.termux/files/home/node_modules/@firebase/.performance-types-HCxlKjqj',
795 silly reify   '/data/data/com.termux/files/home/node_modules/@firebase/remote-config-compat': '/data/data/com.termux/files/home/node_modules/@firebase/.remote-config-compat-wWb2Ac2W',
795 silly reify   '/data/data/com.termux/files/home/node_modules/@firebase/remote-config-types': '/data/data/com.termux/files/home/node_modules/@firebase/.remote-config-types-oNiQ7rjD',
795 silly reify   '/data/data/com.termux/files/home/node_modules/@firebase/storage': '/data/data/com.termux/files/home/node_modules/@firebase/.storage-MEtnIZFv',
795 silly reify   '/data/data/com.termux/files/home/node_modules/@firebase/messaging': '/data/data/com.termux/files/home/node_modules/@firebase/.messaging-Su65qUCn',
795 silly reify   '/data/data/com.termux/files/home/node_modules/@firebase/storage-types': '/data/data/com.termux/files/home/node_modules/@firebase/.storage-types-hs3s1Mej',
795 silly reify   '/data/data/com.termux/files/home/node_modules/@firebase/storage-compat': '/data/data/com.termux/files/home/node_modules/@firebase/.storage-compat-u0v6Gapp',
795 silly reify   '/data/data/com.termux/files/home/node_modules/@firebase/util': '/data/data/com.termux/files/home/node_modules/@firebase/.util-4QSWH0qv',
795 silly reify   '/data/data/com.termux/files/home/node_modules/@grpc/grpc-js': '/data/data/com.termux/files/home/node_modules/@grpc/.grpc-js-nByczVj9',
795 silly reify   '/data/data/com.termux/files/home/node_modules/@firebase/webchannel-wrapper': '/data/data/com.termux/files/home/node_modules/@firebase/.webchannel-wrapper-9RUmLr3Y',
795 silly reify   '/data/data/com.termux/files/home/node_modules/@protobufjs/codegen': '/data/data/com.termux/files/home/node_modules/@protobufjs/.codegen-m5t0OtRq',
795 silly reify   '/data/data/com.termux/files/home/node_modules/@grpc/proto-loader': '/data/data/com.termux/files/home/node_modules/@grpc/.proto-loader-LAtRN2Wf',
795 silly reify   '/data/data/com.termux/files/home/node_modules/.bin/proto-loader-gen-types': '/data/data/com.termux/files/home/node_modules/.bin/.proto-loader-gen-types-de4ezZUO',
795 silly reify   '/data/data/com.termux/files/home/node_modules/@protobufjs/eventemitter': '/data/data/com.termux/files/home/node_modules/@protobufjs/.eventemitter-UbPCM4tA',
795 silly reify   '/data/data/com.termux/files/home/node_modules/@protobufjs/aspromise': '/data/data/com.termux/files/home/node_modules/@protobufjs/.aspromise-cEaJrU69',
795 silly reify   '/data/data/com.termux/files/home/node_modules/@protobufjs/base64': '/data/data/com.termux/files/home/node_modules/@protobufjs/.base64-lijrFoYq',
795 silly reify   '/data/data/com.termux/files/home/node_modules/@protobufjs/float': '/data/data/com.termux/files/home/node_modules/@protobufjs/.float-CrkFpzjk',
795 silly reify   '/data/data/com.termux/files/home/node_modules/@protobufjs/fetch': '/data/data/com.termux/files/home/node_modules/@protobufjs/.fetch-WNKGNi2D',
795 silly reify   '/data/data/com.termux/files/home/node_modules/@protobufjs/pool': '/data/data/com.termux/files/home/node_modules/@protobufjs/.pool-Gj12tumd',
795 silly reify   '/data/data/com.termux/files/home/node_modules/@protobufjs/path': '/data/data/com.termux/files/home/node_modules/@protobufjs/.path-e0nKHQMA',
795 silly reify   '/data/data/com.termux/files/home/node_modules/@firebase/performance-compat': '/data/data/com.termux/files/home/node_modules/@firebase/.performance-compat-G5G4i2eM',
795 silly reify   '/data/data/com.termux/files/home/node_modules/@protobufjs/inquire': '/data/data/com.termux/files/home/node_modules/@protobufjs/.inquire-VFtuPvjv',
795 silly reify   '/data/data/com.termux/files/home/node_modules/@types/node': '/data/data/com.termux/files/home/node_modules/@types/.node-ImvShB6u',
795 silly reify   '/data/data/com.termux/files/home/node_modules/@protobufjs/utf8': '/data/data/com.termux/files/home/node_modules/@protobufjs/.utf8-dFneOEyY'
795 silly reify }
796 silly audit bulk request {
796 silly audit   accepts: [ '2.0.0' ],
796 silly audit   'body-parser': [ '2.2.2' ],
796 silly audit   bytes: [ '3.1.2' ],
796 silly audit   'call-bind-apply-helpers': [ '1.0.2' ],
796 silly audit   'call-bound': [ '1.0.4' ],
796 silly audit   'content-disposition': [ '1.1.0' ],
796 silly audit   'content-type': [ '1.0.5', '2.0.0' ],
796 silly audit   cookie: [ '0.7.2' ],
796 silly audit   'cookie-signature': [ '1.2.2' ],
796 silly audit   debug: [ '4.4.3' ],
796 silly audit   depd: [ '2.0.0' ],
796 silly audit   'dunder-proto': [ '1.0.1' ],
796 silly audit   'ee-first': [ '1.1.1' ],
796 silly audit   encodeurl: [ '2.0.0' ],
796 silly audit   'es-define-property': [ '1.0.1' ],
796 silly audit   'es-errors': [ '1.3.0' ],
796 silly audit   'es-object-atoms': [ '1.1.1' ],
796 silly audit   'escape-html': [ '1.0.3' ],
796 silly audit   etag: [ '1.8.1' ],
796 silly audit   finalhandler: [ '2.1.1' ],
796 silly audit   forwarded: [ '0.2.0' ],
796 silly audit   fresh: [ '2.0.0' ],
796 silly audit   'function-bind': [ '1.1.2' ],
796 silly audit   'get-intrinsic': [ '1.3.0' ],
796 silly audit   'get-proto': [ '1.0.1' ],
796 silly audit   gopd: [ '1.2.0' ],
796 silly audit   'has-symbols': [ '1.1.0' ],
796 silly audit   hasown: [ '2.0.3' ],
796 silly audit   'http-errors': [ '2.0.1' ],
796 silly audit   'iconv-lite': [ '0.7.2' ],
796 silly audit   inherits: [ '2.0.4' ],
796 silly audit   'ipaddr.js': [ '1.9.1' ],
796 silly audit   'is-promise': [ '4.0.0' ],
796 silly audit   'math-intrinsics': [ '1.1.0' ],
796 silly audit   'media-typer': [ '1.1.0' ],
796 silly audit   'merge-descriptors': [ '2.0.0' ],
796 silly audit   'mime-db': [ '1.54.0' ],
796 silly audit   'mime-types': [ '3.0.2' ],
796 silly audit   ms: [ '2.1.3' ],
796 silly audit   negotiator: [ '1.0.0' ],
796 silly audit   'object-inspect': [ '1.13.4' ],
796 silly audit   'on-finished': [ '2.4.1' ],
796 silly audit   once: [ '1.4.0' ],
796 silly audit   parseurl: [ '1.3.3' ],
796 silly audit   'path-to-regexp': [ '8.4.2' ],
796 silly audit   'proxy-addr': [ '2.0.7' ],
796 silly audit   qs: [ '6.15.2' ],
796 silly audit   'range-parser': [ '1.2.1' ],
796 silly audit   'raw-body': [ '3.0.2' ],
796 silly audit   router: [ '2.2.0' ],
796 silly audit   'safer-buffer': [ '2.1.2' ],
796 silly audit   send: [ '1.2.1' ],
796 silly audit   'serve-static': [ '2.2.1' ],
796 silly audit   setprototypeof: [ '1.2.0' ],
796 silly audit   'side-channel': [ '1.1.0' ],
796 silly audit   'side-channel-list': [ '1.0.1' ],
796 silly audit   'side-channel-map': [ '1.0.1' ],
796 silly audit   'side-channel-weakmap': [ '1.0.2' ],
796 silly audit   statuses: [ '2.0.2' ],
796 silly audit   toidentifier: [ '1.0.1' ],
796 silly audit   'type-is': [ '2.1.0' ],
796 silly audit   unpipe: [ '1.0.0' ],
796 silly audit   vary: [ '1.1.2' ],
796 silly audit   wrappy: [ '1.0.2' ],
796 silly audit   cors: [ '2.8.6' ],
796 silly audit   express: [ '5.2.1' ],
796 silly audit   firebase: [ '12.13.0' ],
796 silly audit   'object-assign': [ '4.1.1' ],
796 silly audit   '@firebase/ai': [ '2.12.0' ],
796 silly audit   '@firebase/app': [ '0.14.12' ],
796 silly audit   '@firebase/app-types': [ '0.9.5' ],
796 silly audit   '@firebase/analytics': [ '0.10.22' ],
796 silly audit   '@firebase/analytics-compat': [ '0.2.28' ],
796 silly audit   '@firebase/app-compat': [ '0.5.12' ],
796 silly audit   '@firebase/app-check': [ '0.11.3' ],
796 silly audit   '@firebase/app-check-compat': [ '0.4.3' ],
796 silly audit   '@firebase/auth': [ '1.13.1' ],
796 silly audit   '@firebase/auth-compat': [ '0.6.6' ],
796 silly audit   '@firebase/data-connect': [ '0.7.0' ],
796 silly audit   '@firebase/database': [ '1.1.3' ],
796 silly audit   '@firebase/database-compat': [ '2.1.4' ],
796 silly audit   '@firebase/firestore': [ '4.14.1' ],
796 silly audit   '@firebase/firestore-compat': [ '0.4.9' ],
796 silly audit   '@firebase/functions': [ '0.13.4' ],
796 silly audit   '@firebase/functions-compat': [ '0.4.4' ],
796 silly audit   '@firebase/installations': [ '0.6.22' ],
796 silly audit   '@firebase/installations-compat': [ '0.2.22' ],
796 silly audit   '@firebase/messaging': [ '0.12.26' ],
796 silly audit   '@firebase/messaging-compat': [ '0.2.26' ],
796 silly audit   '@firebase/performance': [ '0.7.12' ],
796 silly audit   '@firebase/performance-compat': [ '0.2.25' ],
796 silly audit   '@firebase/remote-config': [ '0.8.3' ],
796 silly audit   '@firebase/remote-config-compat': [ '0.2.24' ],
796 silly audit   '@firebase/storage': [ '0.14.3' ],
796 silly audit   '@firebase/storage-compat': [ '0.4.3' ],
796 silly audit   '@firebase/util': [ '1.15.1' ],
796 silly audit   '@firebase/app-check-interop-types': [ '0.3.4' ],
796 silly audit   '@firebase/component': [ '0.7.3' ],
796 silly audit   '@firebase/logger': [ '0.5.1' ],
796 silly audit   tslib: [ '2.8.1' ],
796 silly audit   '@firebase/analytics-types': [ '0.8.4' ],
796 silly audit   idb: [ '7.1.1' ],
796 silly audit   '@firebase/app-check-types': [ '0.5.4' ],
796 silly audit   '@firebase/auth-types': [ '0.13.1' ],
796 silly audit   '@firebase/auth-interop-types': [ '0.2.5' ],
796 silly audit   'faye-websocket': [ '0.11.4' ],
796 silly audit   '@firebase/database-types': [ '1.0.20' ],
796 silly audit   '@firebase/webchannel-wrapper': [ '1.0.6' ],
796 silly audit   '@grpc/grpc-js': [ '1.9.15' ],
796 silly audit   '@grpc/proto-loader': [ '0.7.15' ],
796 silly audit   '@firebase/firestore-types': [ '3.0.4' ],
796 silly audit   '@firebase/messaging-interop-types': [ '0.2.4' ],
796 silly audit   '@firebase/functions-types': [ '0.6.4' ],
796 silly audit   '@firebase/installations-types': [ '0.5.4' ],
796 silly audit   'web-vitals': [ '4.2.4' ],
796 silly audit   '@firebase/performance-types': [ '0.2.4' ],
796 silly audit   '@firebase/remote-config-types': [ '0.5.1' ],
796 silly audit   '@firebase/storage-types': [ '0.8.4' ],
796 silly audit   '@types/node': [ '25.9.0' ],
796 silly audit   'lodash.camelcase': [ '4.3.0' ],
796 silly audit   long: [ '5.3.2' ],
796 silly audit   protobufjs: [ '7.6.0' ],
796 silly audit   yargs: [ '17.7.2' ],
796 silly audit   'undici-types': [ '7.24.6' ],
796 silly audit   'websocket-driver': [ '0.7.4' ],
796 silly audit   '@protobufjs/aspromise': [ '1.1.2' ],
796 silly audit   '@protobufjs/base64': [ '1.1.2' ],
796 silly audit   '@protobufjs/codegen': [ '2.0.5' ],
796 silly audit   '@protobufjs/eventemitter': [ '1.1.0' ],
796 silly audit   '@protobufjs/fetch': [ '1.1.1' ],
796 silly audit   '@protobufjs/float': [ '1.0.2' ],
796 silly audit   '@protobufjs/inquire': [ '1.1.2' ],
796 silly audit   '@protobufjs/path': [ '1.1.2' ],
796 silly audit   '@protobufjs/pool': [ '1.1.0' ],
796 silly audit   '@protobufjs/utf8': [ '1.1.1' ],
796 silly audit   'http-parser-js': [ '0.5.10' ],
796 silly audit   'safe-buffer': [ '5.2.1' ],
796 silly audit   'websocket-extensions': [ '0.1.4' ],
796 silly audit   cliui: [ '8.0.1' ],
796 silly audit   escalade: [ '3.2.0' ],
796 silly audit   'get-caller-file': [ '2.0.5' ],
796 silly audit   'require-directory': [ '2.1.1' ],
796 silly audit   'string-width': [ '4.2.3' ],
796 silly audit   y18n: [ '5.0.8' ],
796 silly audit   'yargs-parser': [ '21.1.1' ],
796 silly audit   'strip-ansi': [ '6.0.1' ],
796 silly audit   'wrap-ansi': [ '7.0.0' ],
796 silly audit   'emoji-regex': [ '8.0.0' ],
796 silly audit   'is-fullwidth-code-point': [ '3.0.0' ],
796 silly audit   'ansi-regex': [ '5.0.1' ],
796 silly audit   'ansi-styles': [ '4.3.0' ],
796 silly audit   'color-convert': [ '2.0.1' ],
796 silly audit   'color-name': [ '1.1.4' ]
796 silly audit }
797 verbose audit error FetchError: request to https://registry.npmjs.org/-/npm/v1/security/advisories/bulk failed, reason: getaddrinfo ENOTFOUND registry.npmjs.org
797 verbose audit error     at ClientRequest.<anonymous> (/data/data/com.termux/files/usr/lib/node_modules/npm/node_modules/minipass-fetch/lib/index.js:130:14)
797 verbose audit error     at ClientRequest.emit (node:events:508:28)
797 verbose audit error     at emitErrorEvent (node:_http_client:108:11)
797 verbose audit error     at _destroy (node:_http_client:963:9)
797 verbose audit error     at onSocketNT (node:_http_client:983:5)
797 verbose audit error     at process.processTicksAndRejections (node:internal/process/task_queues:91:21) {
797 verbose audit error   code: 'ENOTFOUND',
797 verbose audit error   errno: 'ENOTFOUND',
797 verbose audit error   syscall: 'getaddrinfo',
797 verbose audit error   hostname: 'registry.npmjs.org',
797 verbose audit error   type: 'system'
797 verbose audit error }
798 silly audit error undefined
799 silly audit report null
800 http cache @protobufjs/utf8@https://registry.npmjs.org/@protobufjs/utf8/-/utf8-1.1.1.tgz 0ms (cache hit)
801 http cache @types/node@https://registry.npmjs.org/@types/node/-/node-25.9.0.tgz 0ms (cache hit)
802 http cache @protobufjs/inquire@https://registry.npmjs.org/@protobufjs/inquire/-/inquire-1.1.2.tgz 0ms (cache hit)
803 http cache @firebase/performance-compat@https://registry.npmjs.org/@firebase/performance-compat/-/performance-compat-0.2.25.tgz 0ms (cache hit)
804 http cache @protobufjs/path@https://registry.npmjs.org/@protobufjs/path/-/path-1.1.2.tgz 0ms (cache hit)
805 http cache @protobufjs/pool@https://registry.npmjs.org/@protobufjs/pool/-/pool-1.1.0.tgz 0ms (cache hit)
806 http cache @protobufjs/float@https://registry.npmjs.org/@protobufjs/float/-/float-1.0.2.tgz 0ms (cache hit)
807 http cache @protobufjs/base64@https://registry.npmjs.org/@protobufjs/base64/-/base64-1.1.2.tgz 0ms (cache hit)
808 http cache @protobufjs/aspromise@https://registry.npmjs.org/@protobufjs/aspromise/-/aspromise-1.1.2.tgz 0ms (cache hit)
809 http cache @protobufjs/eventemitter@https://registry.npmjs.org/@protobufjs/eventemitter/-/eventemitter-1.1.0.tgz 0ms (cache hit)
810 http cache @protobufjs/fetch@https://registry.npmjs.org/@protobufjs/fetch/-/fetch-1.1.1.tgz 0ms (cache hit)
811 http cache @grpc/proto-loader@https://registry.npmjs.org/@grpc/proto-loader/-/proto-loader-0.7.15.tgz 0ms (cache hit)
812 http cache @firebase/webchannel-wrapper@https://registry.npmjs.org/@firebase/webchannel-wrapper/-/webchannel-wrapper-1.0.6.tgz 0ms (cache hit)
813 http cache @grpc/grpc-js@https://registry.npmjs.org/@grpc/grpc-js/-/grpc-js-1.9.15.tgz 0ms (cache hit)
814 http cache @firebase/util@https://registry.npmjs.org/@firebase/util/-/util-1.15.1.tgz 0ms (cache hit)
815 http cache @firebase/storage-compat@https://registry.npmjs.org/@firebase/storage-compat/-/storage-compat-0.4.3.tgz 0ms (cache hit)
816 http cache @firebase/storage-types@https://registry.npmjs.org/@firebase/storage-types/-/storage-types-0.8.4.tgz 0ms (cache hit)
817 http cache @protobufjs/codegen@https://registry.npmjs.org/@protobufjs/codegen/-/codegen-2.0.5.tgz 0ms (cache hit)
818 http cache @firebase/messaging@https://registry.npmjs.org/@firebase/messaging/-/messaging-0.12.26.tgz 0ms (cache hit)
819 http cache @firebase/remote-config-types@https://registry.npmjs.org/@firebase/remote-config-types/-/remote-config-types-0.5.1.tgz 0ms (cache hit)
820 http cache @firebase/remote-config-compat@https://registry.npmjs.org/@firebase/remote-config-compat/-/remote-config-compat-0.2.24.tgz 0ms (cache hit)
821 http cache @firebase/performance-types@https://registry.npmjs.org/@firebase/performance-types/-/performance-types-0.2.4.tgz 0ms (cache hit)
822 http cache @firebase/remote-config@https://registry.npmjs.org/@firebase/remote-config/-/remote-config-0.8.3.tgz 0ms (cache hit)
823 http cache @firebase/storage@https://registry.npmjs.org/@firebase/storage/-/storage-0.14.3.tgz 0ms (cache hit)
824 http cache @firebase/messaging-interop-types@https://registry.npmjs.org/@firebase/messaging-interop-types/-/messaging-interop-types-0.2.4.tgz 1ms (cache hit)
825 http cache @firebase/performance@https://registry.npmjs.org/@firebase/performance/-/performance-0.7.12.tgz 0ms (cache hit)
826 http cache @firebase/logger@https://registry.npmjs.org/@firebase/logger/-/logger-0.5.1.tgz 0ms (cache hit)
827 http cache @firebase/messaging-compat@https://registry.npmjs.org/@firebase/messaging-compat/-/messaging-compat-0.2.26.tgz 0ms (cache hit)
828 http cache @firebase/installations-compat@https://registry.npmjs.org/@firebase/installations-compat/-/installations-compat-0.2.22.tgz 0ms (cache hit)
829 http cache @firebase/functions-compat@https://registry.npmjs.org/@firebase/functions-compat/-/functions-compat-0.4.4.tgz 0ms (cache hit)
830 http cache @firebase/functions-types@https://registry.npmjs.org/@firebase/functions-types/-/functions-types-0.6.4.tgz 0ms (cache hit)
831 http cache @firebase/functions@https://registry.npmjs.org/@firebase/functions/-/functions-0.13.4.tgz 0ms (cache hit)
832 http cache @firebase/firestore-compat@https://registry.npmjs.org/@firebase/firestore-compat/-/firestore-compat-0.4.9.tgz 0ms (cache hit)
833 http cache @firebase/firestore-types@https://registry.npmjs.org/@firebase/firestore-types/-/firestore-types-3.0.4.tgz 0ms (cache hit)
834 http cache @firebase/database-types@https://registry.npmjs.org/@firebase/database-types/-/database-types-1.0.20.tgz 0ms (cache hit)
835 http cache @firebase/database-compat@https://registry.npmjs.org/@firebase/database-compat/-/database-compat-2.1.4.tgz 0ms (cache hit)
836 http cache @firebase/auth-types@https://registry.npmjs.org/@firebase/auth-types/-/auth-types-0.13.1.tgz 0ms (cache hit)
837 http cache @firebase/auth-interop-types@https://registry.npmjs.org/@firebase/auth-interop-types/-/auth-interop-types-0.2.5.tgz 0ms (cache hit)
838 http cache @firebase/installations@https://registry.npmjs.org/@firebase/installations/-/installations-0.6.22.tgz 0ms (cache hit)
839 http cache @firebase/auth-compat@https://registry.npmjs.org/@firebase/auth-compat/-/auth-compat-0.6.6.tgz 0ms (cache hit)
840 http cache @firebase/installations-types@https://registry.npmjs.org/@firebase/installations-types/-/installations-types-0.5.4.tgz 0ms (cache hit)
841 http cache @firebase/app-compat@https://registry.npmjs.org/@firebase/app-compat/-/app-compat-0.5.12.tgz 0ms (cache hit)
842 http cache @firebase/app@https://registry.npmjs.org/@firebase/app/-/app-0.14.12.tgz 0ms (cache hit)
843 http cache @firebase/data-connect@https://registry.npmjs.org/@firebase/data-connect/-/data-connect-0.7.0.tgz 0ms (cache hit)
844 http cache @firebase/app-check-types@https://registry.npmjs.org/@firebase/app-check-types/-/app-check-types-0.5.4.tgz 0ms (cache hit)
845 http cache @firebase/app-types@https://registry.npmjs.org/@firebase/app-types/-/app-types-0.9.5.tgz 0ms (cache hit)
846 http cache @firebase/component@https://registry.npmjs.org/@firebase/component/-/component-0.7.3.tgz 0ms (cache hit)
847 http cache @firebase/app-check-interop-types@https://registry.npmjs.org/@firebase/app-check-interop-types/-/app-check-interop-types-0.3.4.tgz 0ms (cache hit)
848 http cache @firebase/app-check-compat@https://registry.npmjs.org/@firebase/app-check-compat/-/app-check-compat-0.4.3.tgz 0ms (cache hit)
849 http cache @firebase/analytics-types@https://registry.npmjs.org/@firebase/analytics-types/-/analytics-types-0.8.4.tgz 0ms (cache hit)
850 http cache yargs-parser@https://registry.npmjs.org/yargs-parser/-/yargs-parser-21.1.1.tgz 0ms (cache hit)
851 http cache @firebase/analytics@https://registry.npmjs.org/@firebase/analytics/-/analytics-0.10.22.tgz 0ms (cache hit)
852 http cache websocket-extensions@https://registry.npmjs.org/websocket-extensions/-/websocket-extensions-0.1.4.tgz 0ms (cache hit)
853 http cache @firebase/analytics-compat@https://registry.npmjs.org/@firebase/analytics-compat/-/analytics-compat-0.2.28.tgz 0ms (cache hit)
854 http cache yargs@https://registry.npmjs.org/yargs/-/yargs-17.7.2.tgz 0ms (cache hit)
855 http cache wrap-ansi@https://registry.npmjs.org/wrap-ansi/-/wrap-ansi-7.0.0.tgz 0ms (cache hit)
856 http cache @firebase/app-check@https://registry.npmjs.org/@firebase/app-check/-/app-check-0.11.3.tgz 0ms (cache hit)
857 http cache y18n@https://registry.npmjs.org/y18n/-/y18n-5.0.8.tgz 0ms (cache hit)
858 http cache websocket-driver@https://registry.npmjs.org/websocket-driver/-/websocket-driver-0.7.4.tgz 0ms (cache hit)
859 http cache undici-types@https://registry.npmjs.org/undici-types/-/undici-types-7.24.6.tgz 0ms (cache hit)
860 http cache tslib@https://registry.npmjs.org/tslib/-/tslib-2.8.1.tgz 0ms (cache hit)
861 http cache @firebase/ai@https://registry.npmjs.org/@firebase/ai/-/ai-2.12.0.tgz 0ms (cache hit)
862 http cache strip-ansi@https://registry.npmjs.org/strip-ansi/-/strip-ansi-6.0.1.tgz 0ms (cache hit)
863 http cache safe-buffer@https://registry.npmjs.org/safe-buffer/-/safe-buffer-5.2.1.tgz 0ms (cache hit)
864 http cache web-vitals@https://registry.npmjs.org/web-vitals/-/web-vitals-4.2.4.tgz 0ms (cache hit)
865 http cache require-directory@https://registry.npmjs.org/require-directory/-/require-directory-2.1.1.tgz 0ms (cache hit)
866 http cache object-assign@https://registry.npmjs.org/object-assign/-/object-assign-4.1.1.tgz 0ms (cache hit)
867 http cache lodash.camelcase@https://registry.npmjs.org/lodash.camelcase/-/lodash.camelcase-4.3.0.tgz 0ms (cache hit)
868 http cache string-width@https://registry.npmjs.org/string-width/-/string-width-4.2.3.tgz 0ms (cache hit)
869 http cache long@https://registry.npmjs.org/long/-/long-5.3.2.tgz 0ms (cache hit)
870 http cache http-parser-js@https://registry.npmjs.org/http-parser-js/-/http-parser-js-0.5.10.tgz 0ms (cache hit)
871 http cache idb@https://registry.npmjs.org/idb/-/idb-7.1.1.tgz 0ms (cache hit)
872 http cache protobufjs@https://registry.npmjs.org/protobufjs/-/protobufjs-7.6.0.tgz 0ms (cache hit)
873 http cache get-caller-file@https://registry.npmjs.org/get-caller-file/-/get-caller-file-2.0.5.tgz 0ms (cache hit)
874 http cache faye-websocket@https://registry.npmjs.org/faye-websocket/-/faye-websocket-0.11.4.tgz 0ms (cache hit)
875 http cache firebase@https://registry.npmjs.org/firebase/-/firebase-12.13.0.tgz 0ms (cache hit)
876 http cache is-fullwidth-code-point@https://registry.npmjs.org/is-fullwidth-code-point/-/is-fullwidth-code-point-3.0.0.tgz 0ms (cache hit)
877 http cache ansi-regex@https://registry.npmjs.org/ansi-regex/-/ansi-regex-5.0.1.tgz 0ms (cache hit)
878 http cache cors@https://registry.npmjs.org/cors/-/cors-2.8.6.tgz 0ms (cache hit)
879 http cache escalade@https://registry.npmjs.org/escalade/-/escalade-3.2.0.tgz 0ms (cache hit)
880 http cache color-convert@https://registry.npmjs.org/color-convert/-/color-convert-2.0.1.tgz 0ms (cache hit)
881 http cache color-name@https://registry.npmjs.org/color-name/-/color-name-1.1.4.tgz 0ms (cache hit)
882 http cache ansi-styles@https://registry.npmjs.org/ansi-styles/-/ansi-styles-4.3.0.tgz 0ms (cache hit)
883 http cache emoji-regex@https://registry.npmjs.org/emoji-regex/-/emoji-regex-8.0.0.tgz 0ms (cache hit)
884 http cache @firebase/firestore@https://registry.npmjs.org/@firebase/firestore/-/firestore-4.14.1.tgz 0ms (cache hit)
885 http cache @firebase/auth@https://registry.npmjs.org/@firebase/auth/-/auth-1.13.1.tgz 0ms (cache hit)
886 http cache cliui@https://registry.npmjs.org/cliui/-/cliui-8.0.1.tgz 0ms (cache hit)
887 http cache @firebase/database@https://registry.npmjs.org/@firebase/database/-/database-1.1.3.tgz 0ms (cache hit)
888 silly tarball no local data for firebase@https://registry.npmjs.org/firebase/-/firebase-12.13.0.tgz. Extracting by manifest.
889 silly tarball no local data for @firebase/firestore@https://registry.npmjs.org/@firebase/firestore/-/firestore-4.14.1.tgz. Extracting by manifest.
890 http fetch GET https://registry.npmjs.org/firebase/-/firebase-12.13.0.tgz attempt 1 failed with ENOTFOUND
891 http fetch GET https://registry.npmjs.org/@firebase/firestore/-/firestore-4.14.1.tgz attempt 1 failed with ENOTFOUND
892 http fetch GET https://registry.npmjs.org/firebase/-/firebase-12.13.0.tgz attempt 2 failed with ENOTFOUND
893 http fetch GET https://registry.npmjs.org/@firebase/firestore/-/firestore-4.14.1.tgz attempt 2 failed with ENOTFOUND
894 http fetch GET https://registry.npmjs.org/firebase/-/firebase-12.13.0.tgz attempt 3 failed with ENOTFOUND
895 http fetch GET https://registry.npmjs.org/@firebase/firestore/-/firestore-4.14.1.tgz attempt 3 failed with ENOTFOUND
896 verbose type system
897 verbose stack FetchError: request to https://registry.npmjs.org/firebase/-/firebase-12.13.0.tgz failed, reason: getaddrinfo ENOTFOUND registry.npmjs.org
897 verbose stack     at ClientRequest.<anonymous> (/data/data/com.termux/files/usr/lib/node_modules/npm/node_modules/minipass-fetch/lib/index.js:130:14)
897 verbose stack     at ClientRequest.emit (node:events:508:28)
897 verbose stack     at emitErrorEvent (node:_http_client:108:11)
897 verbose stack     at _destroy (node:_http_client:963:9)
897 verbose stack     at onSocketNT (node:_http_client:983:5)
897 verbose stack     at process.processTicksAndRejections (node:internal/process/task_queues:91:21)
898 error code ENOTFOUND
899 error syscall getaddrinfo
900 error errno ENOTFOUND
901 error network request to https://registry.npmjs.org/firebase/-/firebase-12.13.0.tgz failed, reason: getaddrinfo ENOTFOUND registry.npmjs.org
902 error network This is a problem related to network connectivity.
902 error network In most cases you are behind a proxy or have bad network settings.
902 error network
902 error network If you are behind a proxy, please make sure that the 'proxy' config is set properly.  See: 'npm help config'
903 silly unfinished npm timer reify 1779206242466
904 silly unfinished npm timer reify:unpack 1779231796923
905 silly unfinished npm timer reifyNode:node_modules/firebase 1779231796929
906 silly unfinished npm timer reifyNode:node_modules/@firebase/firestore 1779231796930
907 verbose cwd /data/data/com.termux/files/home
908 verbose os Linux 4.19.191+
909 verbose node v24.14.1
910 verbose npm  v11.14.1
911 verbose exit 1
912 verbose code 1
913 error A complete log of this run can be found in: /data/data/com.termux/files/home/.npm/_logs/2026-05-19T15_57_19_896Z-debug-0.log
